{"UUID":"gTBkwsNUebkd12ANslVOl5","layoutMainAxisSizing":null,"layoutCrossAxisSizing":null,"name":"Style Guide Template","isVisible":true,"boundaryRectangle":null,"style":null,"prototypeNodeUUID":null,"child":null,"constraints":null,"debug":false,"pngPath":"/usr/src/app/temp-out/pb-tmp-198b8961-50df-41d1-ba8e-da363a82fad4/lifetaggerapp/lib/assets/images","pages":[{"UUID":"0:1","layoutMainAxisSizing":null,"layoutCrossAxisSizing":null,"name":"Frame Templates","isVisible":true,"boundaryRectangle":null,"style":null,"prototypeNodeUUID":null,"child":null,"constraints":null,"convert":true,"screens":[],"pbdlType":"page"},{"UUID":"135:13047","layoutMainAxisSizing":null,"layoutCrossAxisSizing":null,"name":"App Screens","isVisible":true,"boundaryRectangle":null,"style":null,"prototypeNodeUUID":null,"child":null,"constraints":null,"convert":true,"screens":[],"pbdlType":"page"},{"UUID":"135:13089","layoutMainAxisSizing":null,"layoutCrossAxisSizing":null,"name":"Dashboard Screens","isVisible":true,"boundaryRectangle":null,"style":null,"prototypeNodeUUID":null,"child":null,"constraints":null,"convert":true,"screens":[],"pbdlType":"page"},{"UUID":"165:14839","layoutMainAxisSizing":null,"layoutCrossAxisSizing":null,"name":"Random Inspiration","isVisible":true,"boundaryRectangle":null,"style":null,"prototypeNodeUUID":null,"child":null,"constraints":null,"convert":true,"screens":[],"pbdlType":"page"},{"UUID":"192:13631","layoutMainAxisSizing":null,"layoutCrossAxisSizing":null,"name":"Parabeac","isVisible":true,"boundaryRectangle":null,"style":null,"prototypeNodeUUID":null,"child":null,"constraints":null,"convert":true,"screens":[],"pbdlType":"page"},{"UUID":"1:24","layoutMainAxisSizing":null,"layoutCrossAxisSizing":null,"name":"Color","isVisible":true,"boundaryRectangle":null,"style":null,"prototypeNodeUUID":null,"child":null,"constraints":null,"convert":true,"screens":[],"pbdlType":"page"},{"UUID":"22:12995","layoutMainAxisSizing":null,"layoutCrossAxisSizing":null,"name":"LifeCode","isVisible":true,"boundaryRectangle":null,"style":null,"prototypeNodeUUID":null,"child":null,"constraints":null,"convert":true,"screens":[],"pbdlType":"page"},{"UUID":"2:19821","layoutMainAxisSizing":null,"layoutCrossAxisSizing":null,"name":"Typography","isVisible":true,"boundaryRectangle":null,"style":null,"prototypeNodeUUID":null,"child":null,"constraints":null,"convert":true,"screens":[],"pbdlType":"page"},{"UUID":"2:19822","layoutMainAxisSizing":null,"layoutCrossAxisSizing":null,"name":"Mockups","isVisible":true,"boundaryRectangle":null,"style":null,"prototypeNodeUUID":null,"child":null,"constraints":null,"convert":true,"screens":[],"pbdlType":"page"}],"miscPages":[],"sharedStyles":[],"globalStyles":{"UUID":"","layoutMainAxisSizing":null,"layoutCrossAxisSizing":null,"name":"","isVisible":false,"boundaryRectangle":null,"style":null,"prototypeNodeUUID":null,"child":null,"constraints":null,"pbdlType":"global_styles","designSystem":"material","colors":[{"UUID":"95:13556","layoutMainAxisSizing":null,"layoutCrossAxisSizing":null,"name":"Old Color Styles/LT-BLue","isVisible":false,"boundaryRectangle":null,"style":null,"prototypeNodeUUID":null,"child":null,"constraints":null,"description":"","pbdlType":"global_color","color":{"a":1.0,"r":0.05882352963089943,"g":0.12156862765550613,"b":0.3294117748737335}},{"UUID":"95:13557","layoutMainAxisSizing":null,"layoutCrossAxisSizing":null,"name":"Old Color Styles/LT-Red","isVisible":false,"boundaryRectangle":null,"style":null,"prototypeNodeUUID":null,"child":null,"constraints":null,"description":"","pbdlType":"global_color","color":{"a":1.0,"r":0.7490196228027344,"g":0.1411764770746231,"b":0.125490203499794}},{"UUID":"135:13090","layoutMainAxisSizing":null,"layoutCrossAxisSizing":null,"name":"Old Color Styles/Gray 25","isVisible":false,"boundaryRectangle":null,"style":null,"prototypeNodeUUID":null,"child":null,"constraints":null,"description":"","pbdlType":"global_color","color":{"a":1.0,"r":0.9879999756813049,"g":0.9900000095367432,"b":0.9920000433921814}},{"UUID":"135:13091","layoutMainAxisSizing":null,"layoutCrossAxisSizing":null,"name":"Old Color Styles/Gray 50","isVisible":false,"boundaryRectangle":null,"style":null,"prototypeNodeUUID":null,"child":null,"constraints":null,"description":"","pbdlType":"global_color","color":{"a":1.0,"r":0.9751999378204346,"g":0.9800000190734863,"b":0.9848001003265381}},{"UUID":"135:13092","layoutMainAxisSizing":null,"layoutCrossAxisSizing":null,"name":"Old Color Styles/Gray 100","isVisible":false,"boundaryRectangle":null,"style":null,"prototypeNodeUUID":null,"child":null,"constraints":null,"description":"","pbdlType":"global_color","color":{"a":1.0,"r":0.9411764740943909,"g":0.95686274766922,"b":1.0}},{"UUID":"135:13093","layoutMainAxisSizing":null,"layoutCrossAxisSizing":null,"name":"Old Color Styles/Gray 200","isVisible":false,"boundaryRectangle":null,"style":null,"prototypeNodeUUID":null,"child":null,"constraints":null,"description":"","pbdlType":"global_color","color":{"a":1.0,"r":0.8944705724716187,"g":0.9046928286552429,"b":0.9251372814178467}},{"UUID":"135:13094","layoutMainAxisSizing":null,"layoutCrossAxisSizing":null,"name":"Old Color Styles/Gray 300","isVisible":false,"boundaryRectangle":null,"style":null,"prototypeNodeUUID":null,"child":null,"constraints":null,"description":"","pbdlType":"global_color","color":{"a":1.0,"r":0.8143999576568604,"g":0.8348799347877502,"b":0.8655999898910522}},{"UUID":"135:13095","layoutMainAxisSizing":null,"layoutCrossAxisSizing":null,"name":"Old Color Styles/Gray 400","isVisible":false,"boundaryRectangle":null,"style":null,"prototypeNodeUUID":null,"child":null,"constraints":null,"description":"","pbdlType":"global_color","color":{"a":1.0,"r":0.5963725447654724,"g":0.6351651549339294,"b":0.7016666531562805}},{"UUID":"135:13096","layoutMainAxisSizing":null,"layoutCrossAxisSizing":null,"name":"Old Color Styles/Gray 500","isVisible":false,"boundaryRectangle":null,"style":null,"prototypeNodeUUID":null,"child":null,"constraints":null,"description":"","pbdlType":"global_color","color":{"a":1.0,"r":0.400882363319397,"g":0.4408170282840729,"b":0.5206862688064575}},{"UUID":"135:13097","layoutMainAxisSizing":null,"layoutCrossAxisSizing":null,"name":"Old Color Styles/Gray 600","isVisible":false,"boundaryRectangle":null,"style":null,"prototypeNodeUUID":null,"child":null,"constraints":null,"description":"","pbdlType":"global_color","color":{"a":1.0,"r":0.27976468205451965,"g":0.33094120025634766,"b":0.40258827805519104}},{"UUID":"135:13098","layoutMainAxisSizing":null,"layoutCrossAxisSizing":null,"name":"Old Color Styles/Gray 700","isVisible":false,"boundaryRectangle":null,"style":null,"prototypeNodeUUID":null,"child":null,"constraints":null,"description":"","pbdlType":"global_color","color":{"a":1.0,"r":0.20533335208892822,"g":0.2525128722190857,"b":0.328000009059906}},{"UUID":"135:13099","layoutMainAxisSizing":null,"layoutCrossAxisSizing":null,"name":"Old Color Styles/Gray 800","isVisible":false,"boundaryRectangle":null,"style":null,"prototypeNodeUUID":null,"child":null,"constraints":null,"description":"","pbdlType":"global_color","color":{"a":1.0,"r":0.11466668546199799,"g":0.15963402390480042,"b":0.22258822619915009}},{"UUID":"135:13100","layoutMainAxisSizing":null,"layoutCrossAxisSizing":null,"name":"Old Color Styles/Gray 900","isVisible":false,"boundaryRectangle":null,"style":null,"prototypeNodeUUID":null,"child":null,"constraints":null,"description":"","pbdlType":"global_color","color":{"a":1.0,"r":0.06258822977542877,"g":0.09263458847999573,"b":0.15701963007450104}},{"UUID":"135:13101","layoutMainAxisSizing":null,"layoutCrossAxisSizing":null,"name":"Old Color Styles/Primary 25","isVisible":false,"boundaryRectangle":null,"style":null,"prototypeNodeUUID":null,"child":null,"constraints":null,"description":"","pbdlType":"global_color","color":{"a":1.0,"r":0.9960784316062927,"g":0.9843137264251709,"b":0.9647058844566345}},{"UUID":"135:13102","layoutMainAxisSizing":null,"layoutCrossAxisSizing":null,"name":"Old Color Styles/Primary 50","isVisible":false,"boundaryRectangle":null,"style":null,"prototypeNodeUUID":null,"child":null,"constraints":null,"description":"","pbdlType":"global_color","color":{"a":1.0,"r":0.9921568632125854,"g":0.9450980424880981,"b":0.8941176533699036}},{"UUID":"135:13103","layoutMainAxisSizing":null,"layoutCrossAxisSizing":null,"name":"Old Color Styles/Primary 100","isVisible":false,"boundaryRectangle":null,"style":null,"prototypeNodeUUID":null,"child":null,"constraints":null,"description":"","pbdlType":"global_color","color":{"a":1.0,"r":0.9843137264251709,"g":0.8823529481887817,"b":0.8196078538894653}},{"UUID":"135:13104","layoutMainAxisSizing":null,"layoutCrossAxisSizing":null,"name":"Old Color Styles/Primary 200","isVisible":false,"boundaryRectangle":null,"style":null,"prototypeNodeUUID":null,"child":null,"constraints":null,"description":"","pbdlType":"global_color","color":{"a":1.0,"r":0.9725490212440491,"g":0.7411764860153198,"b":0.6470588445663452}},{"UUID":"135:13105","layoutMainAxisSizing":null,"layoutCrossAxisSizing":null,"name":"Old Color Styles/Primary 300","isVisible":false,"boundaryRectangle":null,"style":null,"prototypeNodeUUID":null,"child":null,"constraints":null,"description":"","pbdlType":"global_color","color":{"a":1.0,"r":0.9215686321258545,"g":0.5529412031173706,"b":0.4627451002597809}},{"UUID":"135:13106","layoutMainAxisSizing":null,"layoutCrossAxisSizing":null,"name":"Old Color Styles/Primary 400","isVisible":false,"boundaryRectangle":null,"style":null,"prototypeNodeUUID":null,"child":null,"constraints":null,"description":"","pbdlType":"global_color","color":{"a":1.0,"r":0.8470588326454163,"g":0.3764705955982208,"b":0.3176470696926117}},{"UUID":"135:13107","layoutMainAxisSizing":null,"layoutCrossAxisSizing":null,"name":"Old Color Styles/Primary 500","isVisible":false,"boundaryRectangle":null,"style":null,"prototypeNodeUUID":null,"child":null,"constraints":null,"description":"","pbdlType":"global_color","color":{"a":1.0,"r":0.7490196228027344,"g":0.1411764770746231,"b":0.125490203499794}},{"UUID":"135:13108","layoutMainAxisSizing":null,"layoutCrossAxisSizing":null,"name":"Old Color Styles/Primary 600","isVisible":false,"boundaryRectangle":null,"style":null,"prototypeNodeUUID":null,"child":null,"constraints":null,"description":"","pbdlType":"global_color","color":{"a":1.0,"r":0.6431372761726379,"g":0.09019608050584793,"b":0.12156862765550613}},{"UUID":"135:13109","layoutMainAxisSizing":null,"layoutCrossAxisSizing":null,"name":"Old Color Styles/Primary 700","isVisible":false,"boundaryRectangle":null,"style":null,"prototypeNodeUUID":null,"child":null,"constraints":null,"description":"","pbdlType":"global_color","color":{"a":1.0,"r":0.5372549295425415,"g":0.062745101749897,"b":0.12941177189350128}},{"UUID":"135:13110","layoutMainAxisSizing":null,"layoutCrossAxisSizing":null,"name":"Old Color Styles/Primary 800","isVisible":false,"boundaryRectangle":null,"style":null,"prototypeNodeUUID":null,"child":null,"constraints":null,"description":"","pbdlType":"global_color","color":{"a":1.0,"r":0.4313725531101227,"g":0.03921568766236305,"b":0.12941177189350128}},{"UUID":"135:13111","layoutMainAxisSizing":null,"layoutCrossAxisSizing":null,"name":"Old Color Styles/Primary 900","isVisible":false,"boundaryRectangle":null,"style":null,"prototypeNodeUUID":null,"child":null,"constraints":null,"description":"","pbdlType":"global_color","color":{"a":1.0,"r":0.35686275362968445,"g":0.0235294122248888,"b":0.12941177189350128}},{"UUID":"185:13635","layoutMainAxisSizing":null,"layoutCrossAxisSizing":null,"name":"light/Primary","isVisible":false,"boundaryRectangle":null,"style":null,"prototypeNodeUUID":null,"child":null,"constraints":null,"description":"","pbdlType":"global_color","color":{"a":1.0,"r":0.7490196228027344,"g":0.1411764770746231,"b":0.125490203499794}},{"UUID":"185:13636","layoutMainAxisSizing":null,"layoutCrossAxisSizing":null,"name":"light/On Primary","isVisible":false,"boundaryRectangle":null,"style":null,"prototypeNodeUUID":null,"child":null,"constraints":null,"description":"","pbdlType":"global_color","color":{"a":1.0,"r":0.35686275362968445,"g":0.0235294122248888,"b":0.12941177189350128}},{"UUID":"185:13637","layoutMainAxisSizing":null,"layoutCrossAxisSizing":null,"name":"light/Primary Container","isVisible":false,"boundaryRectangle":null,"style":null,"prototypeNodeUUID":null,"child":null,"constraints":null,"description":"","pbdlType":"global_color","color":{"a":1.0,"r":0.5372549295425415,"g":0.062745101749897,"b":0.12941177189350128}},{"UUID":"185:13638","layoutMainAxisSizing":null,"layoutCrossAxisSizing":null,"name":"light/On Primary Container","isVisible":false,"boundaryRectangle":null,"style":null,"prototypeNodeUUID":null,"child":null,"constraints":null,"description":"","pbdlType":"global_color","color":{"a":1.0,"r":0.8470588326454163,"g":0.3764705955982208,"b":0.3176470696926117}},{"UUID":"185:13639","layoutMainAxisSizing":null,"layoutCrossAxisSizing":null,"name":"light/Secondary","isVisible":false,"boundaryRectangle":null,"style":null,"prototypeNodeUUID":null,"child":null,"constraints":null,"description":"","pbdlType":"global_color","color":{"a":1.0,"r":0.16078431904315948,"g":0.47843137383461,"b":0.95686274766922}},{"UUID":"185:13640","layoutMainAxisSizing":null,"layoutCrossAxisSizing":null,"name":"light/On Secondary","isVisible":false,"boundaryRectangle":null,"style":null,"prototypeNodeUUID":null,"child":null,"constraints":null,"description":"","pbdlType":"global_color","color":{"a":1.0,"r":0.027450980618596077,"g":0.12941177189350128,"b":0.4588235318660736}},{"UUID":"185:13641","layoutMainAxisSizing":null,"layoutCrossAxisSizing":null,"name":"light/Secondary Container","isVisible":false,"boundaryRectangle":null,"style":null,"prototypeNodeUUID":null,"child":null,"constraints":null,"description":"","pbdlType":"global_color","color":{"a":1.0,"r":0.0784313753247261,"g":0.2705882489681244,"b":0.686274528503418}},{"UUID":"185:13642","layoutMainAxisSizing":null,"layoutCrossAxisSizing":null,"name":"light/On Secondary Container","isVisible":false,"boundaryRectangle":null,"style":null,"prototypeNodeUUID":null,"child":null,"constraints":null,"description":"","pbdlType":"global_color","color":{"a":1.0,"r":0.364705890417099,"g":0.6313725709915161,"b":0.9725490212440491}},{"UUID":"185:13643","layoutMainAxisSizing":null,"layoutCrossAxisSizing":null,"name":"light/Tertiary","isVisible":false,"boundaryRectangle":null,"style":null,"prototypeNodeUUID":null,"child":null,"constraints":null,"description":"","pbdlType":"global_color","color":{"a":1.0,"r":0.400882363319397,"g":0.4408170282840729,"b":0.5206862688064575}},{"UUID":"185:13644","layoutMainAxisSizing":null,"layoutCrossAxisSizing":null,"name":"light/On Tertiary","isVisible":false,"boundaryRectangle":null,"style":null,"prototypeNodeUUID":null,"child":null,"constraints":null,"description":"","pbdlType":"global_color","color":{"a":1.0,"r":0.11466668546199799,"g":0.15963402390480042,"b":0.22258822619915009}},{"UUID":"185:13645","layoutMainAxisSizing":null,"layoutCrossAxisSizing":null,"name":"light/Tertiary Container","isVisible":false,"boundaryRectangle":null,"style":null,"prototypeNodeUUID":null,"child":null,"constraints":null,"description":"","pbdlType":"global_color","color":{"a":1.0,"r":0.20533335208892822,"g":0.2525128722190857,"b":0.328000009059906}},{"UUID":"185:13646","layoutMainAxisSizing":null,"layoutCrossAxisSizing":null,"name":"light/On Tertiary Container","isVisible":false,"boundaryRectangle":null,"style":null,"prototypeNodeUUID":null,"child":null,"constraints":null,"description":"","pbdlType":"global_color","color":{"a":1.0,"r":0.5963725447654724,"g":0.6351651549339294,"b":0.7016666531562805}},{"UUID":"185:13647","layoutMainAxisSizing":null,"layoutCrossAxisSizing":null,"name":"light/Error","isVisible":false,"boundaryRectangle":null,"style":null,"prototypeNodeUUID":null,"child":null,"constraints":null,"description":"","pbdlType":"global_color","color":{"a":1.0,"r":1.0,"g":0.0235294122248888,"b":0.0}},{"UUID":"185:13648","layoutMainAxisSizing":null,"layoutCrossAxisSizing":null,"name":"light/On Error","isVisible":false,"boundaryRectangle":null,"style":null,"prototypeNodeUUID":null,"child":null,"constraints":null,"description":"","pbdlType":"global_color","color":{"a":1.0,"r":0.5764706134796143,"g":0.0,"b":0.13333334028720856}},{"UUID":"185:13649","layoutMainAxisSizing":null,"layoutCrossAxisSizing":null,"name":"light/Error Container","isVisible":false,"boundaryRectangle":null,"style":null,"prototypeNodeUUID":null,"child":null,"constraints":null,"description":"","pbdlType":"global_color","color":{"a":1.0,"r":0.8588235378265381,"g":0.0,"b":0.05098039284348488}},{"UUID":"185:13650","layoutMainAxisSizing":null,"layoutCrossAxisSizing":null,"name":"light/On Error Container","isVisible":false,"boundaryRectangle":null,"style":null,"prototypeNodeUUID":null,"child":null,"constraints":null,"description":"","pbdlType":"global_color","color":{"a":1.0,"r":1.0,"g":0.3294117748737335,"b":0.24705882370471954}},{"UUID":"185:13651","layoutMainAxisSizing":null,"layoutCrossAxisSizing":null,"name":"light/Background","isVisible":false,"boundaryRectangle":null,"style":null,"prototypeNodeUUID":null,"child":null,"constraints":null,"description":"","pbdlType":"global_color","color":{"a":1.0,"r":0.9411764740943909,"g":0.95686274766922,"b":1.0}},{"UUID":"185:13652","layoutMainAxisSizing":null,"layoutCrossAxisSizing":null,"name":"light/On Background","isVisible":false,"boundaryRectangle":null,"style":null,"prototypeNodeUUID":null,"child":null,"constraints":null,"description":"","pbdlType":"global_color","color":{"a":1.0,"r":0.27976468205451965,"g":0.33094120025634766,"b":0.40258827805519104}},{"UUID":"185:13653","layoutMainAxisSizing":null,"layoutCrossAxisSizing":null,"name":"light/Surface","isVisible":false,"boundaryRectangle":null,"style":null,"prototypeNodeUUID":null,"child":null,"constraints":null,"description":"","pbdlType":"global_color","color":{"a":1.0,"r":0.9879999756813049,"g":0.9900000095367432,"b":0.9920000433921814}},{"UUID":"185:13654","layoutMainAxisSizing":null,"layoutCrossAxisSizing":null,"name":"light/On Surface","isVisible":false,"boundaryRectangle":null,"style":null,"prototypeNodeUUID":null,"child":null,"constraints":null,"description":"","pbdlType":"global_color","color":{"a":1.0,"r":0.06258822977542877,"g":0.09263458847999573,"b":0.15701963007450104}},{"UUID":"185:13655","layoutMainAxisSizing":null,"layoutCrossAxisSizing":null,"name":"light/Surface Varient","isVisible":false,"boundaryRectangle":null,"style":null,"prototypeNodeUUID":null,"child":null,"constraints":null,"description":"","pbdlType":"global_color","color":{"a":1.0,"r":0.7490196228027344,"g":0.1411764770746231,"b":0.125490203499794}},{"UUID":"185:13656","layoutMainAxisSizing":null,"layoutCrossAxisSizing":null,"name":"light/On Surface Varient","isVisible":false,"boundaryRectangle":null,"style":null,"prototypeNodeUUID":null,"child":null,"constraints":null,"description":"","pbdlType":"global_color","color":{"a":1.0,"r":0.35686275362968445,"g":0.0235294122248888,"b":0.12941177189350128}},{"UUID":"185:13657","layoutMainAxisSizing":null,"layoutCrossAxisSizing":null,"name":"light/Outline","isVisible":false,"boundaryRectangle":null,"style":null,"prototypeNodeUUID":null,"child":null,"constraints":null,"description":"","pbdlType":"global_color","color":{"a":1.0,"r":0.8944705724716187,"g":0.9046928286552429,"b":0.9251372814178467}},{"UUID":"185:13658","layoutMainAxisSizing":null,"layoutCrossAxisSizing":null,"name":"light/Shadow","isVisible":false,"boundaryRectangle":null,"style":null,"prototypeNodeUUID":null,"child":null,"constraints":null,"description":"","pbdlType":"global_color","color":{"a":1.0,"r":0.5963725447654724,"g":0.6351651549339294,"b":0.7016666531562805}},{"UUID":"185:13659","layoutMainAxisSizing":null,"layoutCrossAxisSizing":null,"name":"light/Inverse Surface","isVisible":false,"boundaryRectangle":null,"style":null,"prototypeNodeUUID":null,"child":null,"constraints":null,"description":"","pbdlType":"global_color","color":{"a":1.0,"r":0.06258822977542877,"g":0.09263458847999573,"b":0.15701963007450104}},{"UUID":"185:13660","layoutMainAxisSizing":null,"layoutCrossAxisSizing":null,"name":"light/On Inverse Surface","isVisible":false,"boundaryRectangle":null,"style":null,"prototypeNodeUUID":null,"child":null,"constraints":null,"description":"","pbdlType":"global_color","color":{"a":1.0,"r":0.35686275362968445,"g":0.0235294122248888,"b":0.12941177189350128}},{"UUID":"185:13661","layoutMainAxisSizing":null,"layoutCrossAxisSizing":null,"name":"light/Inverse Primary","isVisible":false,"boundaryRectangle":null,"style":null,"prototypeNodeUUID":null,"child":null,"constraints":null,"description":"","pbdlType":"global_color","color":{"a":1.0,"r":0.7490196228027344,"g":0.1411764770746231,"b":0.125490203499794}},{"UUID":"185:13662","layoutMainAxisSizing":null,"layoutCrossAxisSizing":null,"name":"light/Surface Tint","isVisible":false,"boundaryRectangle":null,"style":null,"prototypeNodeUUID":null,"child":null,"constraints":null,"description":"","pbdlType":"global_color","color":{"a":1.0,"r":0.9725490212440491,"g":0.7411764860153198,"b":0.6470588445663452}},{"UUID":"2:54","layoutMainAxisSizing":null,"layoutCrossAxisSizing":null,"name":"Primary / 600","isVisible":false,"boundaryRectangle":null,"style":null,"prototypeNodeUUID":null,"child":null,"constraints":null,"description":"","pbdlType":"global_color","color":{"a":1.0,"r":0.49640899896621704,"g":0.33841174840927124,"b":0.849823534488678}},{"UUID":"2:40","layoutMainAxisSizing":null,"layoutCrossAxisSizing":null,"name":"Gray / 300","isVisible":false,"boundaryRectangle":null,"style":null,"prototypeNodeUUID":null,"child":null,"constraints":null,"description":"","pbdlType":"global_color","color":{"a":1.0,"r":0.8143999576568604,"g":0.8348799347877502,"b":0.8655999898910522}},{"UUID":"2:45","layoutMainAxisSizing":null,"layoutCrossAxisSizing":null,"name":"Gray / 900","isVisible":false,"boundaryRectangle":null,"style":null,"prototypeNodeUUID":null,"child":null,"constraints":null,"description":"","pbdlType":"global_color","color":{"a":1.0,"r":0.06258822977542877,"g":0.09263458847999573,"b":0.15701963007450104}},{"UUID":"2:35","layoutMainAxisSizing":null,"layoutCrossAxisSizing":null,"name":"Gray / 500","isVisible":false,"boundaryRectangle":null,"style":null,"prototypeNodeUUID":null,"child":null,"constraints":null,"description":"","pbdlType":"global_color","color":{"a":1.0,"r":0.400882363319397,"g":0.4408170282840729,"b":0.5206862688064575}},{"UUID":"2:43","layoutMainAxisSizing":null,"layoutCrossAxisSizing":null,"name":"Gray / 700","isVisible":false,"boundaryRectangle":null,"style":null,"prototypeNodeUUID":null,"child":null,"constraints":null,"description":"","pbdlType":"global_color","color":{"a":1.0,"r":0.20533335208892822,"g":0.2525128722190857,"b":0.328000009059906}},{"UUID":"2:4440","layoutMainAxisSizing":null,"layoutCrossAxisSizing":null,"name":"White","isVisible":false,"boundaryRectangle":null,"style":null,"prototypeNodeUUID":null,"child":null,"constraints":null,"description":"","pbdlType":"global_color","color":{"a":1.0,"r":1.0,"g":1.0,"b":1.0}},{"UUID":"2:46","layoutMainAxisSizing":null,"layoutCrossAxisSizing":null,"name":"Primary / 700","isVisible":false,"boundaryRectangle":null,"style":null,"prototypeNodeUUID":null,"child":null,"constraints":null,"description":"","pbdlType":"global_color","color":{"a":1.0,"r":0.41150015592575073,"g":0.2541569471359253,"b":0.7772156000137329}},{"UUID":"2:57","layoutMainAxisSizing":null,"layoutCrossAxisSizing":null,"name":"Error / 700","isVisible":false,"boundaryRectangle":null,"style":null,"prototypeNodeUUID":null,"child":null,"constraints":null,"description":"","pbdlType":"global_color","color":{"a":1.0,"r":0.7039999961853027,"g":0.13653334975242615,"b":0.09600001573562622}},{"UUID":"2:58","layoutMainAxisSizing":null,"layoutCrossAxisSizing":null,"name":"Error/25","isVisible":false,"boundaryRectangle":null,"style":null,"prototypeNodeUUID":null,"child":null,"constraints":null,"description":"","pbdlType":"global_color","color":{"a":1.0,"r":0.9987999796867371,"g":0.9823733568191528,"b":0.9812000393867493}},{"UUID":"2:59","layoutMainAxisSizing":null,"layoutCrossAxisSizing":null,"name":"Error / 50","isVisible":false,"boundaryRectangle":null,"style":null,"prototypeNodeUUID":null,"child":null,"constraints":null,"description":"","pbdlType":"global_color","color":{"a":1.0,"r":0.996705949306488,"g":0.9516130089759827,"b":0.9483920931816101}},{"UUID":"2:60","layoutMainAxisSizing":null,"layoutCrossAxisSizing":null,"name":"Error / 100","isVisible":false,"boundaryRectangle":null,"style":null,"prototypeNodeUUID":null,"child":null,"constraints":null,"description":"","pbdlType":"global_color","color":{"a":1.0,"r":0.9970588088035583,"g":0.8927451372146606,"b":0.8852941393852234}},{"UUID":"2:61","layoutMainAxisSizing":null,"layoutCrossAxisSizing":null,"name":"Error / 200","isVisible":false,"boundaryRectangle":null,"style":null,"prototypeNodeUUID":null,"child":null,"constraints":null,"description":"","pbdlType":"global_color","color":{"a":1.0,"r":0.9978823065757751,"g":0.8041883111000061,"b":0.790353000164032}},{"UUID":"2:62","layoutMainAxisSizing":null,"layoutCrossAxisSizing":null,"name":"Error / 300","isVisible":false,"boundaryRectangle":null,"style":null,"prototypeNodeUUID":null,"child":null,"constraints":null,"description":"","pbdlType":"global_color","color":{"a":1.0,"r":0.9919999837875366,"g":0.6336000561714172,"b":0.6080000400543213}},{"UUID":"2:63","layoutMainAxisSizing":null,"layoutCrossAxisSizing":null,"name":"Error / 400","isVisible":false,"boundaryRectangle":null,"style":null,"prototypeNodeUUID":null,"child":null,"constraints":null,"description":"","pbdlType":"global_color","color":{"a":1.0,"r":0.9782999753952026,"g":0.4401400089263916,"b":0.4017000198364258}},{"UUID":"2:64","layoutMainAxisSizing":null,"layoutCrossAxisSizing":null,"name":"Error / 500","isVisible":false,"boundaryRectangle":null,"style":null,"prototypeNodeUUID":null,"child":null,"constraints":null,"description":"","pbdlType":"global_color","color":{"a":1.0,"r":0.9412000775337219,"g":0.26695990562438965,"b":0.218799889087677}},{"UUID":"2:65","layoutMainAxisSizing":null,"layoutCrossAxisSizing":null,"name":"Error / 600","isVisible":false,"boundaryRectangle":null,"style":null,"prototypeNodeUUID":null,"child":null,"constraints":null,"description":"","pbdlType":"global_color","color":{"a":1.0,"r":0.8526000380516052,"g":0.17574664950370789,"b":0.1273999810218811}},{"UUID":"2:66","layoutMainAxisSizing":null,"layoutCrossAxisSizing":null,"name":"Error / 800","isVisible":false,"boundaryRectangle":null,"style":null,"prototypeNodeUUID":null,"child":null,"constraints":null,"description":"","pbdlType":"global_color","color":{"a":1.0,"r":0.5676000118255615,"g":0.12408001720905304,"b":0.09240001440048218}},{"UUID":"2:67","layoutMainAxisSizing":null,"layoutCrossAxisSizing":null,"name":"Error / 900","isVisible":false,"boundaryRectangle":null,"style":null,"prototypeNodeUUID":null,"child":null,"constraints":null,"description":"","pbdlType":"global_color","color":{"a":1.0,"r":0.47849997878074646,"g":0.15176667273044586,"b":0.101500004529953}},{"UUID":"2:68","layoutMainAxisSizing":null,"layoutCrossAxisSizing":null,"name":"Warning / 700","isVisible":false,"boundaryRectangle":null,"style":null,"prototypeNodeUUID":null,"child":null,"constraints":null,"description":"","pbdlType":"global_color","color":{"a":1.0,"r":0.7115294337272644,"g":0.2796705961227417,"b":0.02964705228805542}},{"UUID":"2:69","layoutMainAxisSizing":null,"layoutCrossAxisSizing":null,"name":"Warning/25","isVisible":false,"boundaryRectangle":null,"style":null,"prototypeNodeUUID":null,"child":null,"constraints":null,"description":"","pbdlType":"global_color","color":{"a":1.0,"r":1.0,"g":0.9893333315849304,"b":0.9600000381469727}},{"UUID":"2:70","layoutMainAxisSizing":null,"layoutCrossAxisSizing":null,"name":"Warning / 50","isVisible":false,"boundaryRectangle":null,"style":null,"prototypeNodeUUID":null,"child":null,"constraints":null,"description":"","pbdlType":"global_color","color":{"a":1.0,"r":1.0,"g":0.9790849685668945,"b":0.9215686321258545}},{"UUID":"2:71","layoutMainAxisSizing":null,"layoutCrossAxisSizing":null,"name":"Warning / 100","isVisible":false,"boundaryRectangle":null,"style":null,"prototypeNodeUUID":null,"child":null,"constraints":null,"description":"","pbdlType":"global_color","color":{"a":1.0,"r":0.9977647066116333,"g":0.9393490552902222,"b":0.7787059545516968}},{"UUID":"2:72","layoutMainAxisSizing":null,"layoutCrossAxisSizing":null,"name":"Warning / 200","isVisible":false,"boundaryRectangle":null,"style":null,"prototypeNodeUUID":null,"child":null,"constraints":null,"description":"","pbdlType":"global_color","color":{"a":1.0,"r":0.9976666569709778,"g":0.8744666576385498,"b":0.5356666445732117}},{"UUID":"2:73","layoutMainAxisSizing":null,"layoutCrossAxisSizing":null,"name":"Warning / 300","isVisible":false,"boundaryRectangle":null,"style":null,"prototypeNodeUUID":null,"child":null,"constraints":null,"description":"","pbdlType":"global_color","color":{"a":1.0,"r":0.9964509010314941,"g":0.7856391668319702,"b":0.29374516010284424}},{"UUID":"2:74","layoutMainAxisSizing":null,"layoutCrossAxisSizing":null,"name":"Warning / 400","isVisible":false,"boundaryRectangle":null,"style":null,"prototypeNodeUUID":null,"child":null,"constraints":null,"description":"","pbdlType":"global_color","color":{"a":1.0,"r":0.9912549257278442,"g":0.6912980675697327,"b":0.13423526287078857}},{"UUID":"2:75","layoutMainAxisSizing":null,"layoutCrossAxisSizing":null,"name":"Warning / 500","isVisible":false,"boundaryRectangle":null,"style":null,"prototypeNodeUUID":null,"child":null,"constraints":null,"description":"","pbdlType":"global_color","color":{"a":1.0,"r":0.9701176881790161,"g":0.5643817782402039,"b":0.03380393981933594}},{"UUID":"2:76","layoutMainAxisSizing":null,"layoutCrossAxisSizing":null,"name":"Warning / 600","isVisible":false,"boundaryRectangle":null,"style":null,"prototypeNodeUUID":null,"child":null,"constraints":null,"description":"","pbdlType":"global_color","color":{"a":1.0,"r":0.8613921999931335,"g":0.4089790880680084,"b":0.013117611408233643}},{"UUID":"2:77","layoutMainAxisSizing":null,"layoutCrossAxisSizing":null,"name":"Warning / 800","isVisible":false,"boundaryRectangle":null,"style":null,"prototypeNodeUUID":null,"child":null,"constraints":null,"description":"","pbdlType":"global_color","color":{"a":1.0,"r":0.5772548913955688,"g":0.21709805727005005,"b":0.05019611120223999}},{"UUID":"2:78","layoutMainAxisSizing":null,"layoutCrossAxisSizing":null,"name":"Warning / 900","isVisible":false,"boundaryRectangle":null,"style":null,"prototypeNodeUUID":null,"child":null,"constraints":null,"description":"","pbdlType":"global_color","color":{"a":1.0,"r":0.47647058963775635,"g":0.18000002205371857,"b":0.052941203117370605}},{"UUID":"2:79","layoutMainAxisSizing":null,"layoutCrossAxisSizing":null,"name":"Success / 700","isVisible":false,"boundaryRectangle":null,"style":null,"prototypeNodeUUID":null,"child":null,"constraints":null,"description":"","pbdlType":"global_color","color":{"a":1.0,"r":0.009725481271743774,"g":0.47654902935028076,"b":0.28203916549682617}},{"UUID":"2:80","layoutMainAxisSizing":null,"layoutCrossAxisSizing":null,"name":"Success / 25","isVisible":false,"boundaryRectangle":null,"style":null,"prototypeNodeUUID":null,"child":null,"constraints":null,"description":"","pbdlType":"global_color","color":{"a":1.0,"r":0.9634000658988953,"g":0.9965999722480774,"b":0.9766800403594971}},{"UUID":"2:81","layoutMainAxisSizing":null,"layoutCrossAxisSizing":null,"name":"Success / 50","isVisible":false,"boundaryRectangle":null,"style":null,"prototypeNodeUUID":null,"child":null,"constraints":null,"description":"","pbdlType":"global_color","color":{"a":1.0,"r":0.9246470332145691,"g":0.9930000901222229,"b":0.9519882798194885}},{"UUID":"2:82","layoutMainAxisSizing":null,"layoutCrossAxisSizing":null,"name":"Success / 100","isVisible":false,"boundaryRectangle":null,"style":null,"prototypeNodeUUID":null,"child":null,"constraints":null,"description":"","pbdlType":"global_color","color":{"a":1.0,"r":0.8179998993873596,"g":0.9820000529289246,"b":0.8753999471664429}},{"UUID":"2:83","layoutMainAxisSizing":null,"layoutCrossAxisSizing":null,"name":"Success / 200","isVisible":false,"boundaryRectangle":null,"style":null,"prototypeNodeUUID":null,"child":null,"constraints":null,"description":"","pbdlType":"global_color","color":{"a":1.0,"r":0.6509804129600525,"g":0.95686274766922,"b":0.7733333110809326}},{"UUID":"2:84","layoutMainAxisSizing":null,"layoutCrossAxisSizing":null,"name":"Success / 300","isVisible":false,"boundaryRectangle":null,"style":null,"prototypeNodeUUID":null,"child":null,"constraints":null,"description":"","pbdlType":"global_color","color":{"a":1.0,"r":0.4234117269515991,"g":0.9138431549072266,"b":0.6522797346115112}},{"UUID":"2:85","layoutMainAxisSizing":null,"layoutCrossAxisSizing":null,"name":"Success / 400","isVisible":false,"boundaryRectangle":null,"style":null,"prototypeNodeUUID":null,"child":null,"constraints":null,"description":"","pbdlType":"global_color","color":{"a":1.0,"r":0.1960391402244568,"g":0.8353334069252014,"b":0.5156861543655396}},{"UUID":"2:86","layoutMainAxisSizing":null,"layoutCrossAxisSizing":null,"name":"Success / 500","isVisible":false,"boundaryRectangle":null,"style":null,"prototypeNodeUUID":null,"child":null,"constraints":null,"description":"","pbdlType":"global_color","color":{"a":1.0,"r":0.07094120979309082,"g":0.7172940969467163,"b":0.4156627357006073}},{"UUID":"2:87","layoutMainAxisSizing":null,"layoutCrossAxisSizing":null,"name":"Success / 600","isVisible":false,"boundaryRectangle":null,"style":null,"prototypeNodeUUID":null,"child":null,"constraints":null,"description":"","pbdlType":"global_color","color":{"a":1.0,"r":0.012156844139099121,"g":0.5956863164901733,"b":0.33309805393218994}},{"UUID":"2:88","layoutMainAxisSizing":null,"layoutCrossAxisSizing":null,"name":"Success / 800","isVisible":false,"boundaryRectangle":null,"style":null,"prototypeNodeUUID":null,"child":null,"constraints":null,"description":"","pbdlType":"global_color","color":{"a":1.0,"r":0.019803941249847412,"g":0.3762744963169098,"b":0.22774507105350494}},{"UUID":"2:89","layoutMainAxisSizing":null,"layoutCrossAxisSizing":null,"name":"Success / 900","isVisible":false,"boundaryRectangle":null,"style":null,"prototypeNodeUUID":null,"child":null,"constraints":null,"description":"","pbdlType":"global_color","color":{"a":1.0,"r":0.019764721393585205,"g":0.3096470534801483,"b":0.1936941146850586}},{"UUID":"2:90","layoutMainAxisSizing":null,"layoutCrossAxisSizing":null,"name":"Blue gray / 500","isVisible":false,"boundaryRectangle":null,"style":null,"prototypeNodeUUID":null,"child":null,"constraints":null,"description":"","pbdlType":"global_color","color":{"a":1.0,"r":0.30720001459121704,"g":0.3557053208351135,"b":0.6527999639511108}},{"UUID":"2:91","layoutMainAxisSizing":null,"layoutCrossAxisSizing":null,"name":"Blue gray / 25","isVisible":false,"boundaryRectangle":null,"style":null,"prototypeNodeUUID":null,"child":null,"constraints":null,"description":"","pbdlType":"global_color","color":{"a":1.0,"r":0.9864000082015991,"g":0.9874286651611328,"b":0.9936000108718872}},{"UUID":"2:92","layoutMainAxisSizing":null,"layoutCrossAxisSizing":null,"name":"Blue gray / 50","isVisible":false,"boundaryRectangle":null,"style":null,"prototypeNodeUUID":null,"child":null,"constraints":null,"description":"","pbdlType":"global_color","color":{"a":1.0,"r":0.9728000164031982,"g":0.9748571515083313,"b":0.9872000217437744}},{"UUID":"2:93","layoutMainAxisSizing":null,"layoutCrossAxisSizing":null,"name":"Blue gray / 100","isVisible":false,"boundaryRectangle":null,"style":null,"prototypeNodeUUID":null,"child":null,"constraints":null,"description":"","pbdlType":"global_color","color":{"a":1.0,"r":0.9184000492095947,"g":0.9245714545249939,"b":0.9615999460220337}},{"UUID":"2:94","layoutMainAxisSizing":null,"layoutCrossAxisSizing":null,"name":"Blue gray / 200","isVisible":false,"boundaryRectangle":null,"style":null,"prototypeNodeUUID":null,"child":null,"constraints":null,"description":"","pbdlType":"global_color","color":{"a":1.0,"r":0.7823998928070068,"g":0.7988570928573608,"b":0.8976000547409058}},{"UUID":"2:95","layoutMainAxisSizing":null,"layoutCrossAxisSizing":null,"name":"Blue gray / 300","isVisible":false,"boundaryRectangle":null,"style":null,"prototypeNodeUUID":null,"child":null,"constraints":null,"description":"","pbdlType":"global_color","color":{"a":1.0,"r":0.6191999912261963,"g":0.648000180721283,"b":0.8208000659942627}},{"UUID":"2:96","layoutMainAxisSizing":null,"layoutCrossAxisSizing":null,"name":"Blue gray / 400","isVisible":false,"boundaryRectangle":null,"style":null,"prototypeNodeUUID":null,"child":null,"constraints":null,"description":"","pbdlType":"global_color","color":{"a":1.0,"r":0.4423999786376953,"g":0.4806666672229767,"b":0.7375999689102173}},{"UUID":"2:97","layoutMainAxisSizing":null,"layoutCrossAxisSizing":null,"name":"Blue gray / 600","isVisible":false,"boundaryRectangle":null,"style":null,"prototypeNodeUUID":null,"child":null,"constraints":null,"description":"","pbdlType":"global_color","color":{"a":1.0,"r":0.24345099925994873,"g":0.2791747748851776,"b":0.5173333287239075}},{"UUID":"2:98","layoutMainAxisSizing":null,"layoutCrossAxisSizing":null,"name":"Blue gray / 700","isVisible":false,"boundaryRectangle":null,"style":null,"prototypeNodeUUID":null,"child":null,"constraints":null,"description":"","pbdlType":"global_color","color":{"a":1.0,"r":0.21119999885559082,"g":0.24514290690422058,"b":0.4488000273704529}},{"UUID":"2:99","layoutMainAxisSizing":null,"layoutCrossAxisSizing":null,"name":"Blue gray / 800","isVisible":false,"boundaryRectangle":null,"style":null,"prototypeNodeUUID":null,"child":null,"constraints":null,"description":"","pbdlType":"global_color","color":{"a":1.0,"r":0.15937256813049316,"g":0.1882910132408142,"b":0.3386666774749756}},{"UUID":"2:100","layoutMainAxisSizing":null,"layoutCrossAxisSizing":null,"name":"Blue gray / 900","isVisible":false,"boundaryRectangle":null,"style":null,"prototypeNodeUUID":null,"child":null,"constraints":null,"description":"","pbdlType":"global_color","color":{"a":1.0,"r":0.06399999558925629,"g":0.07428572326898575,"b":0.13600000739097595}},{"UUID":"2:101","layoutMainAxisSizing":null,"layoutCrossAxisSizing":null,"name":"Blue light / 700","isVisible":false,"boundaryRectangle":null,"style":null,"prototypeNodeUUID":null,"child":null,"constraints":null,"description":"","pbdlType":"global_color","color":{"a":1.0,"r":0.0064313411712646484,"g":0.4161098897457123,"b":0.6367059350013733}},{"UUID":"2:102","layoutMainAxisSizing":null,"layoutCrossAxisSizing":null,"name":"Blue light / 25","isVisible":false,"boundaryRectangle":null,"style":null,"prototypeNodeUUID":null,"child":null,"constraints":null,"description":"","pbdlType":"global_color","color":{"a":1.0,"r":0.9600000381469727,"g":0.984000027179718,"b":1.0}},{"UUID":"2:103","layoutMainAxisSizing":null,"layoutCrossAxisSizing":null,"name":"Blue light / 50","isVisible":false,"boundaryRectangle":null,"style":null,"prototypeNodeUUID":null,"child":null,"constraints":null,"description":"","pbdlType":"global_color","color":{"a":1.0,"r":0.9411764740943909,"g":0.9764705896377563,"b":1.0}},{"UUID":"2:104","layoutMainAxisSizing":null,"layoutCrossAxisSizing":null,"name":"Blue light / 100","isVisible":false,"boundaryRectangle":null,"style":null,"prototypeNodeUUID":null,"child":null,"constraints":null,"description":"","pbdlType":"global_color","color":{"a":1.0,"r":0.8770195841789246,"g":0.9493019580841064,"b":0.9974902272224426}},{"UUID":"2:105","layoutMainAxisSizing":null,"layoutCrossAxisSizing":null,"name":"Blue light / 200","isVisible":false,"boundaryRectangle":null,"style":null,"prototypeNodeUUID":null,"child":null,"constraints":null,"description":"","pbdlType":"global_color","color":{"a":1.0,"r":0.72713702917099,"g":0.9008784890174866,"b":0.9944315552711487}},{"UUID":"2:106","layoutMainAxisSizing":null,"layoutCrossAxisSizing":null,"name":"Blue light / 300","isVisible":false,"boundaryRectangle":null,"style":null,"prototypeNodeUUID":null,"child":null,"constraints":null,"description":"","pbdlType":"global_color","color":{"a":1.0,"r":0.4862549901008606,"g":0.8319680094718933,"b":0.992176353931427}},{"UUID":"2:107","layoutMainAxisSizing":null,"layoutCrossAxisSizing":null,"name":"Blue light / 400","isVisible":false,"boundaryRectangle":null,"style":null,"prototypeNodeUUID":null,"child":null,"constraints":null,"description":"","pbdlType":"global_color","color":{"a":1.0,"r":0.21235299110412598,"g":0.7495686411857605,"b":0.9798039197921753}},{"UUID":"2:108","layoutMainAxisSizing":null,"layoutCrossAxisSizing":null,"name":"Blue light / 500","isVisible":false,"boundaryRectangle":null,"style":null,"prototypeNodeUUID":null,"child":null,"constraints":null,"description":"","pbdlType":"global_color","color":{"a":1.0,"r":0.043588221073150635,"g":0.6459132432937622,"b":0.9250392317771912}},{"UUID":"2:109","layoutMainAxisSizing":null,"layoutCrossAxisSizing":null,"name":"Blue light / 600","isVisible":false,"boundaryRectangle":null,"style":null,"prototypeNodeUUID":null,"child":null,"constraints":null,"description":"","pbdlType":"global_color","color":{"a":1.0,"r":0.0,"g":0.5254901647567749,"b":0.7882353067398071}},{"UUID":"2:110","layoutMainAxisSizing":null,"layoutCrossAxisSizing":null,"name":"Blue light / 800","isVisible":false,"boundaryRectangle":null,"style":null,"prototypeNodeUUID":null,"child":null,"constraints":null,"description":"","pbdlType":"global_color","color":{"a":1.0,"r":0.021960735321044922,"g":0.35027459263801575,"b":0.5270588994026184}},{"UUID":"2:111","layoutMainAxisSizing":null,"layoutCrossAxisSizing":null,"name":"Blue light / 900","isVisible":false,"boundaryRectangle":null,"style":null,"prototypeNodeUUID":null,"child":null,"constraints":null,"description":"","pbdlType":"global_color","color":{"a":1.0,"r":0.043058842420578,"g":0.2915242612361908,"b":0.435372531414032}},{"UUID":"2:112","layoutMainAxisSizing":null,"layoutCrossAxisSizing":null,"name":"Blue / 700","isVisible":false,"boundaryRectangle":null,"style":null,"prototypeNodeUUID":null,"child":null,"constraints":null,"description":"","pbdlType":"global_color","color":{"a":1.0,"r":0.09200000762939453,"g":0.36186683177948,"b":0.828000009059906}},{"UUID":"2:113","layoutMainAxisSizing":null,"layoutCrossAxisSizing":null,"name":"Blue / 25","isVisible":false,"boundaryRectangle":null,"style":null,"prototypeNodeUUID":null,"child":null,"constraints":null,"description":"","pbdlType":"global_color","color":{"a":1.0,"r":0.9600000381469727,"g":0.9800000190734863,"b":1.0}},{"UUID":"2:114","layoutMainAxisSizing":null,"layoutCrossAxisSizing":null,"name":"Blue / 50","isVisible":false,"boundaryRectangle":null,"style":null,"prototypeNodeUUID":null,"child":null,"constraints":null,"description":"","pbdlType":"global_color","color":{"a":1.0,"r":0.9372549057006836,"g":0.9725490212440491,"b":1.0}},{"UUID":"2:115","layoutMainAxisSizing":null,"layoutCrossAxisSizing":null,"name":"Blue / 100","isVisible":false,"boundaryRectangle":null,"style":null,"prototypeNodeUUID":null,"child":null,"constraints":null,"description":"","pbdlType":"global_color","color":{"a":1.0,"r":0.8196078538894653,"g":0.9137254953384399,"b":1.0}},{"UUID":"2:116","layoutMainAxisSizing":null,"layoutCrossAxisSizing":null,"name":"Blue / 200","isVisible":false,"boundaryRectangle":null,"style":null,"prototypeNodeUUID":null,"child":null,"constraints":null,"description":"","pbdlType":"global_color","color":{"a":1.0,"r":0.6980392336845398,"g":0.8666666746139526,"b":1.0}},{"UUID":"2:117","layoutMainAxisSizing":null,"layoutCrossAxisSizing":null,"name":"Blue / 300","isVisible":false,"boundaryRectangle":null,"style":null,"prototypeNodeUUID":null,"child":null,"constraints":null,"description":"","pbdlType":"global_color","color":{"a":1.0,"r":0.5176470875740051,"g":0.7921568751335144,"b":1.0}},{"UUID":"2:118","layoutMainAxisSizing":null,"layoutCrossAxisSizing":null,"name":"Blue / 400","isVisible":false,"boundaryRectangle":null,"style":null,"prototypeNodeUUID":null,"child":null,"constraints":null,"description":"","pbdlType":"global_color","color":{"a":1.0,"r":0.32679998874664307,"g":0.6933201551437378,"b":0.9932000637054443}},{"UUID":"2:119","layoutMainAxisSizing":null,"layoutCrossAxisSizing":null,"name":"Blue / 500","isVisible":false,"boundaryRectangle":null,"style":null,"prototypeNodeUUID":null,"child":null,"constraints":null,"description":"","pbdlType":"global_color","color":{"a":1.0,"r":0.18039216101169586,"g":0.5647059082984924,"b":0.9803921580314636}},{"UUID":"2:120","layoutMainAxisSizing":null,"layoutCrossAxisSizing":null,"name":"Blue / 600","isVisible":false,"boundaryRectangle":null,"style":null,"prototypeNodeUUID":null,"child":null,"constraints":null,"description":"","pbdlType":"global_color","color":{"a":1.0,"r":0.08369994163513184,"g":0.43895015120506287,"b":0.9363000392913818}},{"UUID":"2:121","layoutMainAxisSizing":null,"layoutCrossAxisSizing":null,"name":"Blue / 800","isVisible":false,"boundaryRectangle":null,"style":null,"prototypeNodeUUID":null,"child":null,"constraints":null,"description":"","pbdlType":"global_color","color":{"a":1.0,"r":0.0941176488995552,"g":0.2862745225429535,"b":0.6627451181411743}},{"UUID":"2:122","layoutMainAxisSizing":null,"layoutCrossAxisSizing":null,"name":"Blue / 900","isVisible":false,"boundaryRectangle":null,"style":null,"prototypeNodeUUID":null,"child":null,"constraints":null,"description":"","pbdlType":"global_color","color":{"a":1.0,"r":0.09919995069503784,"g":0.25378674268722534,"b":0.5208000540733337}},{"UUID":"2:123","layoutMainAxisSizing":null,"layoutCrossAxisSizing":null,"name":"Indigo / 700","isVisible":false,"boundaryRectangle":null,"style":null,"prototypeNodeUUID":null,"child":null,"constraints":null,"description":"","pbdlType":"global_color","color":{"a":1.0,"r":0.20941179990768433,"g":0.21929427981376648,"b":0.8023529648780823}},{"UUID":"2:124","layoutMainAxisSizing":null,"layoutCrossAxisSizing":null,"name":"Indigo / 25","isVisible":false,"boundaryRectangle":null,"style":null,"prototypeNodeUUID":null,"child":null,"constraints":null,"description":"","pbdlType":"global_color","color":{"a":1.0,"r":0.9600000381469727,"g":0.9733333587646484,"b":1.0}},{"UUID":"2:125","layoutMainAxisSizing":null,"layoutCrossAxisSizing":null,"name":"Indigo / 50","isVisible":false,"boundaryRectangle":null,"style":null,"prototypeNodeUUID":null,"child":null,"constraints":null,"description":"","pbdlType":"global_color","color":{"a":1.0,"r":0.9333333969116211,"g":0.9555556178092957,"b":1.0}},{"UUID":"2:126","layoutMainAxisSizing":null,"layoutCrossAxisSizing":null,"name":"Indigo / 100","isVisible":false,"boundaryRectangle":null,"style":null,"prototypeNodeUUID":null,"child":null,"constraints":null,"description":"","pbdlType":"global_color","color":{"a":1.0,"r":0.8784313201904297,"g":0.9189542531967163,"b":1.0}},{"UUID":"2:127","layoutMainAxisSizing":null,"layoutCrossAxisSizing":null,"name":"Indigo / 200","isVisible":false,"boundaryRectangle":null,"style":null,"prototypeNodeUUID":null,"child":null,"constraints":null,"description":"","pbdlType":"global_color","color":{"a":1.0,"r":0.7787059545516968,"g":0.8444235920906067,"b":0.9977647066116333}},{"UUID":"2:128","layoutMainAxisSizing":null,"layoutCrossAxisSizing":null,"name":"Indigo / 300","isVisible":false,"boundaryRectangle":null,"style":null,"prototypeNodeUUID":null,"child":null,"constraints":null,"description":"","pbdlType":"global_color","color":{"a":1.0,"r":0.6425883769989014,"g":0.7359530329704285,"b":0.9927058219909668}},{"UUID":"2:129","layoutMainAxisSizing":null,"layoutCrossAxisSizing":null,"name":"Indigo / 400","isVisible":false,"boundaryRectangle":null,"style":null,"prototypeNodeUUID":null,"child":null,"constraints":null,"description":"","pbdlType":"global_color","color":{"a":1.0,"r":0.5019021034240723,"g":0.5968276262283325,"b":0.9765293598175049}},{"UUID":"2:130","layoutMainAxisSizing":null,"layoutCrossAxisSizing":null,"name":"Indigo / 500","isVisible":false,"boundaryRectangle":null,"style":null,"prototypeNodeUUID":null,"child":null,"constraints":null,"description":"","pbdlType":"global_color","color":{"a":1.0,"r":0.38000011444091797,"g":0.4468890428543091,"b":0.9533332586288452}},{"UUID":"2:131","layoutMainAxisSizing":null,"layoutCrossAxisSizing":null,"name":"Indigo / 600","isVisible":false,"boundaryRectangle":null,"style":null,"prototypeNodeUUID":null,"child":null,"constraints":null,"description":"","pbdlType":"global_color","color":{"a":1.0,"r":0.26770591735839844,"g":0.2995627522468567,"b":0.9048430919647217}},{"UUID":"2:132","layoutMainAxisSizing":null,"layoutCrossAxisSizing":null,"name":"Indigo / 800","isVisible":false,"boundaryRectangle":null,"style":null,"prototypeNodeUUID":null,"child":null,"constraints":null,"description":"","pbdlType":"global_color","color":{"a":1.0,"r":0.1779019832611084,"g":0.1936235874891281,"b":0.6495490074157715}},{"UUID":"2:133","layoutMainAxisSizing":null,"layoutCrossAxisSizing":null,"name":"Indigo / 900","isVisible":false,"boundaryRectangle":null,"style":null,"prototypeNodeUUID":null,"child":null,"constraints":null,"description":"","pbdlType":"global_color","color":{"a":1.0,"r":0.17500001192092896,"g":0.19741837680339813,"b":0.511274516582489}},{"UUID":"2:134","layoutMainAxisSizing":null,"layoutCrossAxisSizing":null,"name":"Purple / 700","isVisible":false,"boundaryRectangle":null,"style":null,"prototypeNodeUUID":null,"child":null,"constraints":null,"description":"","pbdlType":"global_color","color":{"a":1.0,"r":0.3491452634334564,"g":0.14674514532089233,"b":0.8610979914665222}},{"UUID":"2:135","layoutMainAxisSizing":null,"layoutCrossAxisSizing":null,"name":"Purple / 25","isVisible":false,"boundaryRectangle":null,"style":null,"prototypeNodeUUID":null,"child":null,"constraints":null,"description":"","pbdlType":"global_color","color":{"a":1.0,"r":0.9813333749771118,"g":0.9800000190734863,"b":1.0}},{"UUID":"2:136","layoutMainAxisSizing":null,"layoutCrossAxisSizing":null,"name":"Purple / 50","isVisible":false,"boundaryRectangle":null,"style":null,"prototypeNodeUUID":null,"child":null,"constraints":null,"description":"","pbdlType":"global_color","color":{"a":1.0,"r":0.9560784697532654,"g":0.9529411792755127,"b":1.0}},{"UUID":"2:137","layoutMainAxisSizing":null,"layoutCrossAxisSizing":null,"name":"Purple / 100","isVisible":false,"boundaryRectangle":null,"style":null,"prototypeNodeUUID":null,"child":null,"constraints":null,"description":"","pbdlType":"global_color","color":{"a":1.0,"r":0.9199509024620056,"g":0.9129606485366821,"b":0.9968432188034058}},{"UUID":"2:138","layoutMainAxisSizing":null,"layoutCrossAxisSizing":null,"name":"Purple / 200","isVisible":false,"boundaryRectangle":null,"style":null,"prototypeNodeUUID":null,"child":null,"constraints":null,"description":"","pbdlType":"global_color","color":{"a":1.0,"r":0.851078450679779,"g":0.8377646803855896,"b":0.9975294470787048}},{"UUID":"2:139","layoutMainAxisSizing":null,"layoutCrossAxisSizing":null,"name":"Purple / 300","isVisible":false,"boundaryRectangle":null,"style":null,"prototypeNodeUUID":null,"child":null,"constraints":null,"description":"","pbdlType":"global_color","color":{"a":1.0,"r":0.7401595115661621,"g":0.7064313888549805,"b":0.9955294132232666}},{"UUID":"2:140","layoutMainAxisSizing":null,"layoutCrossAxisSizing":null,"name":"Purple / 400","isVisible":false,"boundaryRectangle":null,"style":null,"prototypeNodeUUID":null,"child":null,"constraints":null,"description":"","pbdlType":"global_color","color":{"a":1.0,"r":0.606631338596344,"g":0.5397255420684814,"b":0.985764741897583}},{"UUID":"2:141","layoutMainAxisSizing":null,"layoutCrossAxisSizing":null,"name":"Purple / 500","isVisible":false,"boundaryRectangle":null,"style":null,"prototypeNodeUUID":null,"child":null,"constraints":null,"description":"","pbdlType":"global_color","color":{"a":1.0,"r":0.47658035159111023,"g":0.3524706959724426,"b":0.973019540309906}},{"UUID":"2:142","layoutMainAxisSizing":null,"layoutCrossAxisSizing":null,"name":"Purple / 600","isVisible":false,"boundaryRectangle":null,"style":null,"prototypeNodeUUID":null,"child":null,"constraints":null,"description":"","pbdlType":"global_color","color":{"a":1.0,"r":0.4112091064453125,"g":0.22009801864624023,"b":0.9367647171020508}},{"UUID":"2:143","layoutMainAxisSizing":null,"layoutCrossAxisSizing":null,"name":"Purple / 800","isVisible":false,"boundaryRectangle":null,"style":null,"prototypeNodeUUID":null,"child":null,"constraints":null,"description":"","pbdlType":"global_color","color":{"a":1.0,"r":0.29186612367630005,"g":0.12225490808486938,"b":0.7208823561668396}},{"UUID":"2:144","layoutMainAxisSizing":null,"layoutCrossAxisSizing":null,"name":"Purple / 900","isVisible":false,"boundaryRectangle":null,"style":null,"prototypeNodeUUID":null,"child":null,"constraints":null,"description":"","pbdlType":"global_color","color":{"a":1.0,"r":0.24466285109519958,"g":0.10819607973098755,"b":0.5898431539535522}},{"UUID":"2:145","layoutMainAxisSizing":null,"layoutCrossAxisSizing":null,"name":"Pink / 700","isVisible":false,"boundaryRectangle":null,"style":null,"prototypeNodeUUID":null,"child":null,"constraints":null,"description":"","pbdlType":"global_color","color":{"a":1.0,"r":0.7552940845489502,"g":0.08392161130905151,"b":0.4531763792037964}},{"UUID":"2:146","layoutMainAxisSizing":null,"layoutCrossAxisSizing":null,"name":"Pink / 25","isVisible":false,"boundaryRectangle":null,"style":null,"prototypeNodeUUID":null,"child":null,"constraints":null,"description":"","pbdlType":"global_color","color":{"a":1.0,"r":0.9950000047683716,"g":0.9650000333786011,"b":0.9855000376701355}},{"UUID":"2:147","layoutMainAxisSizing":null,"layoutCrossAxisSizing":null,"name":"Pink / 50","isVisible":false,"boundaryRectangle":null,"style":null,"prototypeNodeUUID":null,"child":null,"constraints":null,"description":"","pbdlType":"global_color","color":{"a":1.0,"r":0.9926470518112183,"g":0.9485293626785278,"b":0.978676438331604}},{"UUID":"2:148","layoutMainAxisSizing":null,"layoutCrossAxisSizing":null,"name":"Pink / 100","isVisible":false,"boundaryRectangle":null,"style":null,"prototypeNodeUUID":null,"child":null,"constraints":null,"description":"","pbdlType":"global_color","color":{"a":1.0,"r":0.9894117712974548,"g":0.904705822467804,"b":0.9640000462532043}},{"UUID":"2:149","layoutMainAxisSizing":null,"layoutCrossAxisSizing":null,"name":"Pink / 200","isVisible":false,"boundaryRectangle":null,"style":null,"prototypeNodeUUID":null,"child":null,"constraints":null,"description":"","pbdlType":"global_color","color":{"a":1.0,"r":0.9867451786994934,"g":0.8093332648277283,"b":0.9335216879844666}},{"UUID":"2:150","layoutMainAxisSizing":null,"layoutCrossAxisSizing":null,"name":"Pink / 300","isVisible":false,"boundaryRectangle":null,"style":null,"prototypeNodeUUID":null,"child":null,"constraints":null,"description":"","pbdlType":"global_color","color":{"a":1.0,"r":0.9799412488937378,"g":0.6553529500961304,"b":0.8771550059318542}},{"UUID":"2:151","layoutMainAxisSizing":null,"layoutCrossAxisSizing":null,"name":"Pink / 400","isVisible":false,"boundaryRectangle":null,"style":null,"prototypeNodeUUID":null,"child":null,"constraints":null,"description":"","pbdlType":"global_color","color":{"a":1.0,"r":0.9642353653907776,"g":0.43968623876571655,"b":0.7806434035301208}},{"UUID":"2:152","layoutMainAxisSizing":null,"layoutCrossAxisSizing":null,"name":"Pink / 500","isVisible":false,"boundaryRectangle":null,"style":null,"prototypeNodeUUID":null,"child":null,"constraints":null,"description":"","pbdlType":"global_color","color":{"a":1.0,"r":0.9326666593551636,"g":0.2751765251159668,"b":0.7354198694229126}},{"UUID":"2:153","layoutMainAxisSizing":null,"layoutCrossAxisSizing":null,"name":"Pink / 600","isVisible":false,"boundaryRectangle":null,"style":null,"prototypeNodeUUID":null,"child":null,"constraints":null,"description":"","pbdlType":"global_color","color":{"a":1.0,"r":0.8665881752967834,"g":0.14517658948898315,"b":0.56600022315979}},{"UUID":"2:154","layoutMainAxisSizing":null,"layoutCrossAxisSizing":null,"name":"Pink / 800","isVisible":false,"boundaryRectangle":null,"style":null,"prototypeNodeUUID":null,"child":null,"constraints":null,"description":"","pbdlType":"global_color","color":{"a":1.0,"r":0.6211764812469482,"g":0.0847058892250061,"b":0.3708237111568451}},{"UUID":"2:155","layoutMainAxisSizing":null,"layoutCrossAxisSizing":null,"name":"Pink / 900","isVisible":false,"boundaryRectangle":null,"style":null,"prototypeNodeUUID":null,"child":null,"constraints":null,"description":"","pbdlType":"global_color","color":{"a":1.0,"r":0.5197058916091919,"g":0.08813726902008057,"b":0.3183073401451111}},{"UUID":"2:156","layoutMainAxisSizing":null,"layoutCrossAxisSizing":null,"name":"Rosé / 25","isVisible":false,"boundaryRectangle":null,"style":null,"prototypeNodeUUID":null,"child":null,"constraints":null,"description":"","pbdlType":"global_color","color":{"a":1.0,"r":1.0,"g":0.9600000381469727,"b":0.9653333425521851}},{"UUID":"2:157","layoutMainAxisSizing":null,"layoutCrossAxisSizing":null,"name":"Rosé / 50","isVisible":false,"boundaryRectangle":null,"style":null,"prototypeNodeUUID":null,"child":null,"constraints":null,"description":"","pbdlType":"global_color","color":{"a":1.0,"r":0.9999999403953552,"g":0.9450981020927429,"b":0.952418327331543}},{"UUID":"2:158","layoutMainAxisSizing":null,"layoutCrossAxisSizing":null,"name":"Rosé / 100","isVisible":false,"boundaryRectangle":null,"style":null,"prototypeNodeUUID":null,"child":null,"constraints":null,"description":"","pbdlType":"global_color","color":{"a":1.0,"r":1.0,"g":0.8941175937652588,"b":0.9082352519035339}},{"UUID":"2:159","layoutMainAxisSizing":null,"layoutCrossAxisSizing":null,"name":"Rosé / 200","isVisible":false,"boundaryRectangle":null,"style":null,"prototypeNodeUUID":null,"child":null,"constraints":null,"description":"","pbdlType":"global_color","color":{"a":1.0,"r":0.9980000257492065,"g":0.8019999265670776,"b":0.8379332423210144}},{"UUID":"2:160","layoutMainAxisSizing":null,"layoutCrossAxisSizing":null,"name":"Rosé / 300","isVisible":false,"boundaryRectangle":null,"style":null,"prototypeNodeUUID":null,"child":null,"constraints":null,"description":"","pbdlType":"global_color","color":{"a":1.0,"r":0.9963529706001282,"g":0.63894122838974,"b":0.704466700553894}},{"UUID":"2:161","layoutMainAxisSizing":null,"layoutCrossAxisSizing":null,"name":"Rosé / 400","isVisible":false,"boundaryRectangle":null,"style":null,"prototypeNodeUUID":null,"child":null,"constraints":null,"description":"","pbdlType":"global_color","color":{"a":1.0,"r":0.9914118051528931,"g":0.4360392093658447,"b":0.5563701391220093}},{"UUID":"2:162","layoutMainAxisSizing":null,"layoutCrossAxisSizing":null,"name":"Rosé / 500","isVisible":false,"boundaryRectangle":null,"style":null,"prototypeNodeUUID":null,"child":null,"constraints":null,"description":"","pbdlType":"global_color","color":{"a":1.0,"r":0.9641764163970947,"g":0.2397451400756836,"b":0.4087790250778198}},{"UUID":"2:163","layoutMainAxisSizing":null,"layoutCrossAxisSizing":null,"name":"Rosé / 600","isVisible":false,"boundaryRectangle":null,"style":null,"prototypeNodeUUID":null,"child":null,"constraints":null,"description":"","pbdlType":"global_color","color":{"a":1.0,"r":0.8914901614189148,"g":0.10458827018737793,"b":0.327543705701828}},{"UUID":"2:164","layoutMainAxisSizing":null,"layoutCrossAxisSizing":null,"name":"Rosé / 700","isVisible":false,"boundaryRectangle":null,"style":null,"prototypeNodeUUID":null,"child":null,"constraints":null,"description":"","pbdlType":"global_color","color":{"a":1.0,"r":0.7545098066329956,"g":0.06117647886276245,"b":0.2807322144508362}},{"UUID":"2:165","layoutMainAxisSizing":null,"layoutCrossAxisSizing":null,"name":"Rosé / 800","isVisible":false,"boundaryRectangle":null,"style":null,"prototypeNodeUUID":null,"child":null,"constraints":null,"description":"","pbdlType":"global_color","color":{"a":1.0,"r":0.6316470503807068,"g":0.06247061491012573,"b":0.261682391166687}},{"UUID":"2:166","layoutMainAxisSizing":null,"layoutCrossAxisSizing":null,"name":"Rosé / 900","isVisible":false,"boundaryRectangle":null,"style":null,"prototypeNodeUUID":null,"child":null,"constraints":null,"description":"","pbdlType":"global_color","color":{"a":1.0,"r":0.5379412174224854,"g":0.06990194320678711,"b":0.24151645600795746}},{"UUID":"2:167","layoutMainAxisSizing":null,"layoutCrossAxisSizing":null,"name":"Orange / 700","isVisible":false,"boundaryRectangle":null,"style":null,"prototypeNodeUUID":null,"child":null,"constraints":null,"description":"","pbdlType":"global_color","color":{"a":1.0,"r":0.7674509882926941,"g":0.19792157411575317,"b":0.040392160415649414}},{"UUID":"2:168","layoutMainAxisSizing":null,"layoutCrossAxisSizing":null,"name":"Orange / 25","isVisible":false,"boundaryRectangle":null,"style":null,"prototypeNodeUUID":null,"child":null,"constraints":null,"description":"","pbdlType":"global_color","color":{"a":1.0,"r":1.0,"g":0.9793333411216736,"b":0.9600000381469727}},{"UUID":"2:169","layoutMainAxisSizing":null,"layoutCrossAxisSizing":null,"name":"Orange / 50","isVisible":false,"boundaryRectangle":null,"style":null,"prototypeNodeUUID":null,"child":null,"constraints":null,"description":"","pbdlType":"global_color","color":{"a":1.0,"r":1.0,"g":0.9635294079780579,"b":0.929411768913269}},{"UUID":"2:170","layoutMainAxisSizing":null,"layoutCrossAxisSizing":null,"name":"Orange / 100","isVisible":false,"boundaryRectangle":null,"style":null,"prototypeNodeUUID":null,"child":null,"constraints":null,"description":"","pbdlType":"global_color","color":{"a":1.0,"r":1.0,"g":0.9176470637321472,"b":0.8352941274642944}},{"UUID":"2:171","layoutMainAxisSizing":null,"layoutCrossAxisSizing":null,"name":"Orange / 200","isVisible":false,"boundaryRectangle":null,"style":null,"prototypeNodeUUID":null,"child":null,"constraints":null,"description":"","pbdlType":"global_color","color":{"a":1.0,"r":0.9932548999786377,"g":0.8637490272521973,"b":0.6694902181625366}},{"UUID":"2:172","layoutMainAxisSizing":null,"layoutCrossAxisSizing":null,"name":"Orange / 300","isVisible":false,"boundaryRectangle":null,"style":null,"prototypeNodeUUID":null,"child":null,"constraints":null,"description":"","pbdlType":"global_color","color":{"a":1.0,"r":0.9972352385520935,"g":0.6961588263511658,"b":0.4498235583305359}},{"UUID":"2:173","layoutMainAxisSizing":null,"layoutCrossAxisSizing":null,"name":"Orange / 400","isVisible":false,"boundaryRectangle":null,"style":null,"prototypeNodeUUID":null,"child":null,"constraints":null,"description":"","pbdlType":"global_color","color":{"a":1.0,"r":0.9921960830688477,"g":0.5205790996551514,"b":0.22741174697875977}},{"UUID":"2:174","layoutMainAxisSizing":null,"layoutCrossAxisSizing":null,"name":"Orange / 500","isVisible":false,"boundaryRectangle":null,"style":null,"prototypeNodeUUID":null,"child":null,"constraints":null,"description":"","pbdlType":"global_color","color":{"a":1.0,"r":0.9859411716461182,"g":0.39500194787979126,"b":0.07680392265319824}},{"UUID":"2:175","layoutMainAxisSizing":null,"layoutCrossAxisSizing":null,"name":"Orange / 600","isVisible":false,"boundaryRectangle":null,"style":null,"prototypeNodeUUID":null,"child":null,"constraints":null,"description":"","pbdlType":"global_color","color":{"a":1.0,"r":0.9261176586151123,"g":0.29005491733551025,"b":0.03858822584152222}},{"UUID":"2:176","layoutMainAxisSizing":null,"layoutCrossAxisSizing":null,"name":"Orange / 800","isVisible":false,"boundaryRectangle":null,"style":null,"prototypeNodeUUID":null,"child":null,"constraints":null,"description":"","pbdlType":"global_color","color":{"a":1.0,"r":0.6104313731193542,"g":0.1642431616783142,"b":0.0640784502029419}},{"UUID":"2:177","layoutMainAxisSizing":null,"layoutCrossAxisSizing":null,"name":"Orange / 900","isVisible":false,"boundaryRectangle":null,"style":null,"prototypeNodeUUID":null,"child":null,"constraints":null,"description":"","pbdlType":"global_color","color":{"a":1.0,"r":0.4928235411643982,"g":0.14264968037605286,"b":0.06403923034667969}},{"UUID":"2:4471","layoutMainAxisSizing":null,"layoutCrossAxisSizing":null,"name":"Gray/600","isVisible":false,"boundaryRectangle":null,"style":null,"prototypeNodeUUID":null,"child":null,"constraints":null,"description":"","pbdlType":"global_color","color":{"a":1.0,"r":0.27976468205451965,"g":0.33094120025634766,"b":0.40258827805519104}},{"UUID":"2:51","layoutMainAxisSizing":null,"layoutCrossAxisSizing":null,"name":"Primary / 300","isVisible":false,"boundaryRectangle":null,"style":null,"prototypeNodeUUID":null,"child":null,"constraints":null,"description":"","pbdlType":"global_color","color":{"a":1.0,"r":0.8392156958580017,"g":0.7333333492279053,"b":0.9843137264251709}},{"UUID":"2:55","layoutMainAxisSizing":null,"layoutCrossAxisSizing":null,"name":"Primary / 800","isVisible":false,"boundaryRectangle":null,"style":null,"prototypeNodeUUID":null,"child":null,"constraints":null,"description":"","pbdlType":"global_color","color":{"a":1.0,"r":0.32532986998558044,"g":0.2181960940361023,"b":0.6210196018218994}},{"UUID":"2:53","layoutMainAxisSizing":null,"layoutCrossAxisSizing":null,"name":"Primary / 500","isVisible":false,"boundaryRectangle":null,"style":null,"prototypeNodeUUID":null,"child":null,"constraints":null,"description":"","pbdlType":"global_color","color":{"a":1.0,"r":0.6191517114639282,"g":0.4655293822288513,"b":0.9305490851402283}},{"UUID":"2:37","layoutMainAxisSizing":null,"layoutCrossAxisSizing":null,"name":"Gray / 50","isVisible":false,"boundaryRectangle":null,"style":null,"prototypeNodeUUID":null,"child":null,"constraints":null,"description":"","pbdlType":"global_color","color":{"a":1.0,"r":0.9751999378204346,"g":0.9800000190734863,"b":0.9848001003265381}},{"UUID":"2:4455","layoutMainAxisSizing":null,"layoutCrossAxisSizing":null,"name":"Gray/700","isVisible":false,"boundaryRectangle":null,"style":null,"prototypeNodeUUID":null,"child":null,"constraints":null,"description":"","pbdlType":"global_color","color":{"a":1.0,"r":0.20533335208892822,"g":0.2525128722190857,"b":0.328000009059906}},{"UUID":"2:4454","layoutMainAxisSizing":null,"layoutCrossAxisSizing":null,"name":"Gray/500","isVisible":false,"boundaryRectangle":null,"style":null,"prototypeNodeUUID":null,"child":null,"constraints":null,"description":"","pbdlType":"global_color","color":{"a":1.0,"r":0.400882363319397,"g":0.4408170282840729,"b":0.5206862688064575}},{"UUID":"2:5402","layoutMainAxisSizing":null,"layoutCrossAxisSizing":null,"name":"Gray/400","isVisible":false,"boundaryRectangle":null,"style":null,"prototypeNodeUUID":null,"child":null,"constraints":null,"description":"","pbdlType":"global_color","color":{"a":1.0,"r":0.5963725447654724,"g":0.6351651549339294,"b":0.7016666531562805}},{"UUID":"2:36","layoutMainAxisSizing":null,"layoutCrossAxisSizing":null,"name":"Gray / 25","isVisible":false,"boundaryRectangle":null,"style":null,"prototypeNodeUUID":null,"child":null,"constraints":null,"description":"","pbdlType":"global_color","color":{"a":1.0,"r":0.9879999756813049,"g":0.9900000095367432,"b":0.9920000433921814}},{"UUID":"2:48","layoutMainAxisSizing":null,"layoutCrossAxisSizing":null,"name":"Primary / 50","isVisible":false,"boundaryRectangle":null,"style":null,"prototypeNodeUUID":null,"child":null,"constraints":null,"description":"","pbdlType":"global_color","color":{"a":1.0,"r":0.9764705896377563,"g":0.9607843160629272,"b":1.0}},{"UUID":"2:39","layoutMainAxisSizing":null,"layoutCrossAxisSizing":null,"name":"Gray / 200","isVisible":false,"boundaryRectangle":null,"style":null,"prototypeNodeUUID":null,"child":null,"constraints":null,"description":"","pbdlType":"global_color","color":{"a":1.0,"r":0.8944705724716187,"g":0.9046928286552429,"b":0.9251372814178467}},{"UUID":"2:38","layoutMainAxisSizing":null,"layoutCrossAxisSizing":null,"name":"Gray / 100","isVisible":false,"boundaryRectangle":null,"style":null,"prototypeNodeUUID":null,"child":null,"constraints":null,"description":"","pbdlType":"global_color","color":{"a":1.0,"r":0.9497647285461426,"g":0.9558039903640747,"b":0.9678823947906494}},{"UUID":"2:7028","layoutMainAxisSizing":null,"layoutCrossAxisSizing":null,"name":"Primary/500","isVisible":false,"boundaryRectangle":null,"style":null,"prototypeNodeUUID":null,"child":null,"constraints":null,"description":"","pbdlType":"global_color","color":{"a":1.0,"r":0.6191517114639282,"g":0.4655293822288513,"b":0.9305490851402283}},{"UUID":"2:4460","layoutMainAxisSizing":null,"layoutCrossAxisSizing":null,"name":"Primary/300","isVisible":false,"boundaryRectangle":null,"style":null,"prototypeNodeUUID":null,"child":null,"constraints":null,"description":"","pbdlType":"global_color","color":{"a":1.0,"r":0.8392156958580017,"g":0.7333333492279053,"b":0.9843137264251709}},{"UUID":"2:4467","layoutMainAxisSizing":null,"layoutCrossAxisSizing":null,"name":"Primary/100","isVisible":false,"boundaryRectangle":null,"style":null,"prototypeNodeUUID":null,"child":null,"constraints":null,"description":"","pbdlType":"global_color","color":{"a":1.0,"r":0.95686274766922,"g":0.9215686321258545,"b":1.0}},{"UUID":"2:19881","layoutMainAxisSizing":null,"layoutCrossAxisSizing":null,"name":"07 Grey/500","isVisible":false,"boundaryRectangle":null,"style":null,"prototypeNodeUUID":null,"child":null,"constraints":null,"description":"","pbdlType":"global_color","color":{"a":1.0,"r":0.5686274766921997,"g":0.6196078658103943,"b":0.6705882549285889}},{"UUID":"2:19880","layoutMainAxisSizing":null,"layoutCrossAxisSizing":null,"name":"12 Background/Light/01 Default","isVisible":false,"boundaryRectangle":null,"style":null,"prototypeNodeUUID":null,"child":null,"constraints":null,"description":"","pbdlType":"global_color","color":{"a":1.0,"r":1.0,"g":1.0,"b":1.0}},{"UUID":"2:19882","layoutMainAxisSizing":null,"layoutCrossAxisSizing":null,"name":"11 Text Color/Light/01 Text Primary","isVisible":false,"boundaryRectangle":null,"style":null,"prototypeNodeUUID":null,"child":null,"constraints":null,"description":"","pbdlType":"global_color","color":{"a":1.0,"r":0.12941177189350128,"g":0.16862745583057404,"b":0.21176470816135406}},{"UUID":"2:19886","layoutMainAxisSizing":null,"layoutCrossAxisSizing":null,"name":"11 Text Color/Light/02 Text Secondary","isVisible":false,"boundaryRectangle":null,"style":null,"prototypeNodeUUID":null,"child":null,"constraints":null,"description":"","pbdlType":"global_color","color":{"a":1.0,"r":0.38823530077934265,"g":0.45098039507865906,"b":0.5058823823928833}},{"UUID":"2:19892","layoutMainAxisSizing":null,"layoutCrossAxisSizing":null,"name":"11 Text Color/Light/03 Text Disabled","isVisible":false,"boundaryRectangle":null,"style":null,"prototypeNodeUUID":null,"child":null,"constraints":null,"description":"","pbdlType":"global_color","color":{"a":1.0,"r":0.5686274766921997,"g":0.6196078658103943,"b":0.6705882549285889}},{"UUID":"2:19889","layoutMainAxisSizing":null,"layoutCrossAxisSizing":null,"name":"09 Transparent/06 Grey/8%","isVisible":false,"boundaryRectangle":null,"style":null,"prototypeNodeUUID":null,"child":null,"constraints":null,"description":"","pbdlType":"global_color","color":{"a":1.0,"r":0.5686274766921997,"g":0.6196078658103943,"b":0.6705882549285889}},{"UUID":"145:13053","layoutMainAxisSizing":null,"layoutCrossAxisSizing":null,"name":"Neutral / White","isVisible":false,"boundaryRectangle":null,"style":null,"prototypeNodeUUID":null,"child":null,"constraints":null,"description":"","pbdlType":"global_color","color":{"a":1.0,"r":1.0,"g":1.0,"b":1.0}},{"UUID":"145:14097","layoutMainAxisSizing":null,"layoutCrossAxisSizing":null,"name":"Label Light / Primary","isVisible":false,"boundaryRectangle":null,"style":null,"prototypeNodeUUID":null,"child":null,"constraints":null,"description":"","pbdlType":"global_color","color":{"a":1.0,"r":0.0,"g":0.0,"b":0.0}},{"UUID":"145:14109","layoutMainAxisSizing":null,"layoutCrossAxisSizing":null,"name":"Color Light / Green","isVisible":false,"boundaryRectangle":null,"style":null,"prototypeNodeUUID":null,"child":null,"constraints":null,"description":"","pbdlType":"global_color","color":{"a":1.0,"r":0.20392157137393951,"g":0.7803921699523926,"b":0.3490196168422699}},{"UUID":"151:13076","layoutMainAxisSizing":null,"layoutCrossAxisSizing":null,"name":"Line_icon","isVisible":false,"boundaryRectangle":null,"style":null,"prototypeNodeUUID":null,"child":null,"constraints":null,"description":"","pbdlType":"global_color","color":{"a":1.0,"r":0.7987847328186035,"g":0.8253224492073059,"b":0.8916666507720947}},{"UUID":"150:13076","layoutMainAxisSizing":null,"layoutCrossAxisSizing":null,"name":"fill_icon","isVisible":false,"boundaryRectangle":null,"style":null,"prototypeNodeUUID":null,"child":null,"constraints":null,"description":"","pbdlType":"global_color","color":{"a":1.0,"r":1.0,"g":1.0,"b":1.0}},{"UUID":"157:13157","layoutMainAxisSizing":null,"layoutCrossAxisSizing":null,"name":"Duotone","isVisible":false,"boundaryRectangle":null,"style":null,"prototypeNodeUUID":null,"child":null,"constraints":null,"description":"","pbdlType":"global_color","color":{"a":1.0,"r":0.4940798580646515,"g":0.5271459817886353,"b":0.6208333373069763}},{"UUID":"94:13076","layoutMainAxisSizing":null,"layoutCrossAxisSizing":null,"name":"Dark Blue","isVisible":false,"boundaryRectangle":null,"style":null,"prototypeNodeUUID":null,"child":null,"constraints":null,"description":"","pbdlType":"global_color","color":{"a":1.0,"r":0.05882352963089943,"g":0.12156862765550613,"b":0.3294117748737335}},{"UUID":"94:13097","layoutMainAxisSizing":null,"layoutCrossAxisSizing":null,"name":"Light Grey 300","isVisible":false,"boundaryRectangle":null,"style":null,"prototypeNodeUUID":null,"child":null,"constraints":null,"description":"","pbdlType":"global_color","color":{"a":1.0,"r":0.8509804010391235,"g":0.886274516582489,"b":1.0}},{"UUID":"135:13490","layoutMainAxisSizing":null,"layoutCrossAxisSizing":null,"name":"Actionable Item","isVisible":false,"boundaryRectangle":null,"style":null,"prototypeNodeUUID":null,"child":null,"constraints":null,"description":"","pbdlType":"global_color","color":{"a":1.0,"r":0.7490196228027344,"g":0.1411764770746231,"b":0.125490203499794}},{"UUID":"135:13491","layoutMainAxisSizing":null,"layoutCrossAxisSizing":null,"name":"Dark Blue Gradient","isVisible":false,"boundaryRectangle":null,"style":null,"prototypeNodeUUID":null,"child":null,"constraints":null,"description":"","pbdlType":"global_color","color":{"a":1.0,"r":0.05882352963089943,"g":0.12156862765550613,"b":0.3294117748737335}},{"UUID":"94:13108","layoutMainAxisSizing":null,"layoutCrossAxisSizing":null,"name":"Default Red","isVisible":false,"boundaryRectangle":null,"style":null,"prototypeNodeUUID":null,"child":null,"constraints":null,"description":"","pbdlType":"global_color","color":{"a":1.0,"r":0.7490196228027344,"g":0.1411764770746231,"b":0.125490203499794}},{"UUID":"94:13081","layoutMainAxisSizing":null,"layoutCrossAxisSizing":null,"name":"Light Grey 200","isVisible":false,"boundaryRectangle":null,"style":null,"prototypeNodeUUID":null,"child":null,"constraints":null,"description":"","pbdlType":"global_color","color":{"a":1.0,"r":0.9411764740943909,"g":0.95686274766922,"b":1.0}},{"UUID":"94:13082","layoutMainAxisSizing":null,"layoutCrossAxisSizing":null,"name":"Dark Blue 100","isVisible":false,"boundaryRectangle":null,"style":null,"prototypeNodeUUID":null,"child":null,"constraints":null,"description":"","pbdlType":"global_color","color":{"a":1.0,"r":0.05882352963089943,"g":0.08235294371843338,"b":0.16470588743686676}}],"textStyles":[{"UUID":"95:13489","layoutMainAxisSizing":null,"layoutCrossAxisSizing":null,"name":"Other Text Styles/Info","isVisible":false,"boundaryRectangle":null,"style":null,"prototypeNodeUUID":null,"child":null,"constraints":null,"description":"","pbdlType":"global_text_style","textStyle":{"UUID":"","layoutMainAxisSizing":null,"layoutCrossAxisSizing":null,"name":"","isVisible":false,"boundaryRectangle":null,"style":null,"prototypeNodeUUID":"","child":null,"constraints":null,"fontFamily":"Satoshi Variable","fontPostScriptName":null,"paragraphSpacing":0,"paragraphIndent":0,"listSpacing":0,"italics":null,"fontWeight":400,"fontSize":14.0,"textCase":"ORIGINAL","textDecoration":"NONE","textAutoResize":"WIDTH_AND_HEIGHT","textAlignHorizontal":"LEFT","textAlignVertical":"TOP","letterSpacing":0.0,"fills":null,"hyperLink":null,"opentypeFlags":{},"lineHeightPx":22.0,"lineHeightPercent":134.09524536132812,"lineHeightPercentFontSize":157.14285278320312,"lineHeightUnit":"PIXELS","pbdlType":"text_style"}},{"UUID":"95:13497","layoutMainAxisSizing":null,"layoutCrossAxisSizing":null,"name":"Other Text Styles/Info Bold","isVisible":false,"boundaryRectangle":null,"style":null,"prototypeNodeUUID":null,"child":null,"constraints":null,"description":"","pbdlType":"global_text_style","textStyle":{"UUID":"","layoutMainAxisSizing":null,"layoutCrossAxisSizing":null,"name":"","isVisible":false,"boundaryRectangle":null,"style":null,"prototypeNodeUUID":"","child":null,"constraints":null,"fontFamily":"Satoshi Variable","fontPostScriptName":null,"paragraphSpacing":0,"paragraphIndent":0,"listSpacing":0,"italics":null,"fontWeight":700,"fontSize":14.0,"textCase":"ORIGINAL","textDecoration":"NONE","textAutoResize":"WIDTH_AND_HEIGHT","textAlignHorizontal":"LEFT","textAlignVertical":"TOP","letterSpacing":0.0,"fills":null,"hyperLink":null,"opentypeFlags":{},"lineHeightPx":22.0,"lineHeightPercent":134.09524536132812,"lineHeightPercentFontSize":157.14285278320312,"lineHeightUnit":"PIXELS","pbdlType":"text_style"}},{"UUID":"95:13558","layoutMainAxisSizing":null,"layoutCrossAxisSizing":null,"name":"Other Text Styles/Info Big Bold","isVisible":false,"boundaryRectangle":null,"style":null,"prototypeNodeUUID":null,"child":null,"constraints":null,"description":"","pbdlType":"global_text_style","textStyle":{"UUID":"","layoutMainAxisSizing":null,"layoutCrossAxisSizing":null,"name":"","isVisible":false,"boundaryRectangle":null,"style":null,"prototypeNodeUUID":"","child":null,"constraints":null,"fontFamily":"Satoshi Variable","fontPostScriptName":null,"paragraphSpacing":0,"paragraphIndent":0,"listSpacing":0,"italics":null,"fontWeight":700,"fontSize":20.0,"textCase":"ORIGINAL","textDecoration":"NONE","textAutoResize":"WIDTH_AND_HEIGHT","textAlignHorizontal":"LEFT","textAlignVertical":"TOP","letterSpacing":0.0,"fills":null,"hyperLink":null,"opentypeFlags":{},"lineHeightPx":30.0,"lineHeightPercent":128.0,"lineHeightPercentFontSize":150.0,"lineHeightUnit":"PIXELS","pbdlType":"text_style"}},{"UUID":"95:13565","layoutMainAxisSizing":null,"layoutCrossAxisSizing":null,"name":"Other Text Styles/Button Lg","isVisible":false,"boundaryRectangle":null,"style":null,"prototypeNodeUUID":null,"child":null,"constraints":null,"description":"","pbdlType":"global_text_style","textStyle":{"UUID":"","layoutMainAxisSizing":null,"layoutCrossAxisSizing":null,"name":"","isVisible":false,"boundaryRectangle":null,"style":null,"prototypeNodeUUID":"","child":null,"constraints":null,"fontFamily":"Satoshi Variable","fontPostScriptName":null,"paragraphSpacing":0,"paragraphIndent":0,"listSpacing":0,"italics":null,"fontWeight":700,"fontSize":15.0,"textCase":"ORIGINAL","textDecoration":"NONE","textAutoResize":"WIDTH_AND_HEIGHT","textAlignHorizontal":"LEFT","textAlignVertical":"TOP","letterSpacing":0.0,"fills":null,"hyperLink":null,"opentypeFlags":{},"lineHeightPx":22.0,"lineHeightPercent":125.15555572509766,"lineHeightPercentFontSize":146.6666717529297,"lineHeightUnit":"PIXELS","pbdlType":"text_style"}},{"UUID":"95:13567","layoutMainAxisSizing":null,"layoutCrossAxisSizing":null,"name":"Other Text Styles/Button Sm","isVisible":false,"boundaryRectangle":null,"style":null,"prototypeNodeUUID":null,"child":null,"constraints":null,"description":"","pbdlType":"global_text_style","textStyle":{"UUID":"","layoutMainAxisSizing":null,"layoutCrossAxisSizing":null,"name":"","isVisible":false,"boundaryRectangle":null,"style":null,"prototypeNodeUUID":"","child":null,"constraints":null,"fontFamily":"Satoshi Variable","fontPostScriptName":null,"paragraphSpacing":0,"paragraphIndent":0,"listSpacing":0,"italics":null,"fontWeight":700,"fontSize":13.0,"textCase":"ORIGINAL","textDecoration":"NONE","textAutoResize":"WIDTH_AND_HEIGHT","textAlignHorizontal":"LEFT","textAlignVertical":"TOP","letterSpacing":0.0,"fills":null,"hyperLink":null,"opentypeFlags":{},"lineHeightPx":18.0,"lineHeightPercent":118.15384674072266,"lineHeightPercentFontSize":138.46153259277344,"lineHeightUnit":"PIXELS","pbdlType":"text_style"}},{"UUID":"2:19890","layoutMainAxisSizing":null,"layoutCrossAxisSizing":null,"name":"Subtitle2","isVisible":false,"boundaryRectangle":null,"style":null,"prototypeNodeUUID":null,"child":null,"constraints":null,"description":"","pbdlType":"global_text_style","textStyle":{"UUID":"","layoutMainAxisSizing":null,"layoutCrossAxisSizing":null,"name":"","isVisible":false,"boundaryRectangle":null,"style":null,"prototypeNodeUUID":"","child":null,"constraints":null,"fontFamily":"Public Sans","fontPostScriptName":"PublicSans-SemiBold","paragraphSpacing":0,"paragraphIndent":0,"listSpacing":0,"italics":null,"fontWeight":600,"fontSize":14.0,"textCase":"ORIGINAL","textDecoration":"NONE","textAutoResize":"WIDTH_AND_HEIGHT","textAlignHorizontal":"LEFT","textAlignVertical":"TOP","letterSpacing":0.0,"fills":null,"hyperLink":null,"opentypeFlags":{},"lineHeightPx":22.0,"lineHeightPercent":134.09524536132812,"lineHeightPercentFontSize":157.14285278320312,"lineHeightUnit":"PIXELS","pbdlType":"text_style"}},{"UUID":"145:13054","layoutMainAxisSizing":null,"layoutCrossAxisSizing":null,"name":"Display Large / Heavy - 1200+","isVisible":false,"boundaryRectangle":null,"style":null,"prototypeNodeUUID":null,"child":null,"constraints":null,"description":"","pbdlType":"global_text_style","textStyle":{"UUID":"","layoutMainAxisSizing":null,"layoutCrossAxisSizing":null,"name":"","isVisible":false,"boundaryRectangle":null,"style":null,"prototypeNodeUUID":"","child":null,"constraints":null,"fontFamily":"Source Sans Pro","fontPostScriptName":"SourceSansPro-Bold","paragraphSpacing":0,"paragraphIndent":0,"listSpacing":0,"italics":null,"fontWeight":700,"fontSize":69.0,"textCase":"ORIGINAL","textDecoration":"NONE","textAutoResize":"WIDTH_AND_HEIGHT","textAlignHorizontal":"LEFT","textAlignVertical":"TOP","letterSpacing":0.0,"fills":null,"hyperLink":null,"opentypeFlags":{},"lineHeightPx":103.5,"lineHeightPercent":128.0,"lineHeightPercentFontSize":150.0,"lineHeightUnit":"FONT_SIZE_%","pbdlType":"text_style"}},{"UUID":"145:13056","layoutMainAxisSizing":null,"layoutCrossAxisSizing":null,"name":"F1 / Heavy - 1200+","isVisible":false,"boundaryRectangle":null,"style":null,"prototypeNodeUUID":null,"child":null,"constraints":null,"description":"","pbdlType":"global_text_style","textStyle":{"UUID":"","layoutMainAxisSizing":null,"layoutCrossAxisSizing":null,"name":"","isVisible":false,"boundaryRectangle":null,"style":null,"prototypeNodeUUID":"","child":null,"constraints":null,"fontFamily":"Source Sans Pro","fontPostScriptName":"SourceSansPro-SemiBold","paragraphSpacing":0,"paragraphIndent":0,"listSpacing":0,"italics":null,"fontWeight":600,"fontSize":48.0,"textCase":"ORIGINAL","textDecoration":"NONE","textAutoResize":"WIDTH_AND_HEIGHT","textAlignHorizontal":"LEFT","textAlignVertical":"TOP","letterSpacing":0.0,"fills":null,"hyperLink":null,"opentypeFlags":{},"lineHeightPx":72.0,"lineHeightPercent":128.0,"lineHeightPercentFontSize":150.0,"lineHeightUnit":"FONT_SIZE_%","pbdlType":"text_style"}}],"themeColors":[],"themeTextStyles":[{"UUID":"95:13490","layoutMainAxisSizing":null,"layoutCrossAxisSizing":null,"name":"headline1","isVisible":false,"boundaryRectangle":null,"style":null,"prototypeNodeUUID":null,"child":null,"constraints":null,"description":"","pbdlType":"global_text_style","textStyle":{"UUID":"","layoutMainAxisSizing":null,"layoutCrossAxisSizing":null,"name":"","isVisible":false,"boundaryRectangle":null,"style":null,"prototypeNodeUUID":"","child":null,"constraints":null,"fontFamily":"Satoshi Variable","fontPostScriptName":null,"paragraphSpacing":0,"paragraphIndent":0,"listSpacing":0,"italics":null,"fontWeight":700,"fontSize":64.0,"textCase":"ORIGINAL","textDecoration":"NONE","textAutoResize":"WIDTH_AND_HEIGHT","textAlignHorizontal":"LEFT","textAlignVertical":"TOP","letterSpacing":0.0,"fills":null,"hyperLink":null,"opentypeFlags":{},"lineHeightPx":80.0,"lineHeightPercent":106.66667175292969,"lineHeightPercentFontSize":125.0,"lineHeightUnit":"PIXELS","pbdlType":"text_style"}},{"UUID":"95:13491","layoutMainAxisSizing":null,"layoutCrossAxisSizing":null,"name":"headline2","isVisible":false,"boundaryRectangle":null,"style":null,"prototypeNodeUUID":null,"child":null,"constraints":null,"description":"","pbdlType":"global_text_style","textStyle":{"UUID":"","layoutMainAxisSizing":null,"layoutCrossAxisSizing":null,"name":"","isVisible":false,"boundaryRectangle":null,"style":null,"prototypeNodeUUID":"","child":null,"constraints":null,"fontFamily":"Satoshi Variable","fontPostScriptName":null,"paragraphSpacing":0,"paragraphIndent":0,"listSpacing":0,"italics":null,"fontWeight":700,"fontSize":48.0,"textCase":"ORIGINAL","textDecoration":"NONE","textAutoResize":"WIDTH_AND_HEIGHT","textAlignHorizontal":"LEFT","textAlignVertical":"TOP","letterSpacing":0.0,"fills":null,"hyperLink":null,"opentypeFlags":{},"lineHeightPx":64.0,"lineHeightPercent":113.77777862548828,"lineHeightPercentFontSize":133.3333282470703,"lineHeightUnit":"PIXELS","pbdlType":"text_style"}},{"UUID":"95:13492","layoutMainAxisSizing":null,"layoutCrossAxisSizing":null,"name":"headline3","isVisible":false,"boundaryRectangle":null,"style":null,"prototypeNodeUUID":null,"child":null,"constraints":null,"description":"","pbdlType":"global_text_style","textStyle":{"UUID":"","layoutMainAxisSizing":null,"layoutCrossAxisSizing":null,"name":"","isVisible":false,"boundaryRectangle":null,"style":null,"prototypeNodeUUID":"","child":null,"constraints":null,"fontFamily":"Satoshi Variable","fontPostScriptName":null,"paragraphSpacing":0,"paragraphIndent":0,"listSpacing":0,"italics":null,"fontWeight":700,"fontSize":32.0,"textCase":"ORIGINAL","textDecoration":"NONE","textAutoResize":"WIDTH_AND_HEIGHT","textAlignHorizontal":"LEFT","textAlignVertical":"TOP","letterSpacing":0.0,"fills":null,"hyperLink":null,"opentypeFlags":{},"lineHeightPx":48.0,"lineHeightPercent":128.0,"lineHeightPercentFontSize":150.0,"lineHeightUnit":"PIXELS","pbdlType":"text_style"}},{"UUID":"95:13493","layoutMainAxisSizing":null,"layoutCrossAxisSizing":null,"name":"headline4","isVisible":false,"boundaryRectangle":null,"style":null,"prototypeNodeUUID":null,"child":null,"constraints":null,"description":"","pbdlType":"global_text_style","textStyle":{"UUID":"","layoutMainAxisSizing":null,"layoutCrossAxisSizing":null,"name":"","isVisible":false,"boundaryRectangle":null,"style":null,"prototypeNodeUUID":"","child":null,"constraints":null,"fontFamily":"Satoshi Variable","fontPostScriptName":null,"paragraphSpacing":0,"paragraphIndent":0,"listSpacing":0,"italics":null,"fontWeight":700,"fontSize":24.0,"textCase":"ORIGINAL","textDecoration":"NONE","textAutoResize":"WIDTH_AND_HEIGHT","textAlignHorizontal":"LEFT","textAlignVertical":"TOP","letterSpacing":0.0,"fills":null,"hyperLink":null,"opentypeFlags":{},"lineHeightPx":32.0,"lineHeightPercent":113.77777862548828,"lineHeightPercentFontSize":133.3333282470703,"lineHeightUnit":"PIXELS","pbdlType":"text_style"}},{"UUID":"95:13494","layoutMainAxisSizing":null,"layoutCrossAxisSizing":null,"name":"headline5","isVisible":false,"boundaryRectangle":null,"style":null,"prototypeNodeUUID":null,"child":null,"constraints":null,"description":"","pbdlType":"global_text_style","textStyle":{"UUID":"","layoutMainAxisSizing":null,"layoutCrossAxisSizing":null,"name":"","isVisible":false,"boundaryRectangle":null,"style":null,"prototypeNodeUUID":"","child":null,"constraints":null,"fontFamily":"Satoshi Variable","fontPostScriptName":null,"paragraphSpacing":0,"paragraphIndent":0,"listSpacing":0,"italics":null,"fontWeight":700,"fontSize":20.0,"textCase":"ORIGINAL","textDecoration":"NONE","textAutoResize":"WIDTH_AND_HEIGHT","textAlignHorizontal":"LEFT","textAlignVertical":"TOP","letterSpacing":0.0,"fills":null,"hyperLink":null,"opentypeFlags":{},"lineHeightPx":30.0,"lineHeightPercent":128.0,"lineHeightPercentFontSize":150.0,"lineHeightUnit":"PIXELS","pbdlType":"text_style"}},{"UUID":"95:13495","layoutMainAxisSizing":null,"layoutCrossAxisSizing":null,"name":"headline6","isVisible":false,"boundaryRectangle":null,"style":null,"prototypeNodeUUID":null,"child":null,"constraints":null,"description":"","pbdlType":"global_text_style","textStyle":{"UUID":"","layoutMainAxisSizing":null,"layoutCrossAxisSizing":null,"name":"","isVisible":false,"boundaryRectangle":null,"style":null,"prototypeNodeUUID":"","child":null,"constraints":null,"fontFamily":"Satoshi Variable","fontPostScriptName":null,"paragraphSpacing":0,"paragraphIndent":0,"listSpacing":0,"italics":null,"fontWeight":700,"fontSize":18.0,"textCase":"ORIGINAL","textDecoration":"NONE","textAutoResize":"WIDTH_AND_HEIGHT","textAlignHorizontal":"LEFT","textAlignVertical":"TOP","letterSpacing":0.0,"fills":null,"hyperLink":null,"opentypeFlags":{},"lineHeightPx":28.0,"lineHeightPercent":132.74073791503906,"lineHeightPercentFontSize":155.55555725097656,"lineHeightUnit":"PIXELS","pbdlType":"text_style"}},{"UUID":"95:13559","layoutMainAxisSizing":null,"layoutCrossAxisSizing":null,"name":"subtitle1","isVisible":false,"boundaryRectangle":null,"style":null,"prototypeNodeUUID":null,"child":null,"constraints":null,"description":"","pbdlType":"global_text_style","textStyle":{"UUID":"","layoutMainAxisSizing":null,"layoutCrossAxisSizing":null,"name":"","isVisible":false,"boundaryRectangle":null,"style":null,"prototypeNodeUUID":"","child":null,"constraints":null,"fontFamily":"Satoshi Variable","fontPostScriptName":null,"paragraphSpacing":0,"paragraphIndent":0,"listSpacing":0,"italics":null,"fontWeight":500,"fontSize":16.0,"textCase":"ORIGINAL","textDecoration":"NONE","textAutoResize":"WIDTH_AND_HEIGHT","textAlignHorizontal":"LEFT","textAlignVertical":"TOP","letterSpacing":0.0,"fills":null,"hyperLink":null,"opentypeFlags":{},"lineHeightPx":24.0,"lineHeightPercent":128.0,"lineHeightPercentFontSize":150.0,"lineHeightUnit":"PIXELS","pbdlType":"text_style"}},{"UUID":"95:13560","layoutMainAxisSizing":null,"layoutCrossAxisSizing":null,"name":"subtitle2","isVisible":false,"boundaryRectangle":null,"style":null,"prototypeNodeUUID":null,"child":null,"constraints":null,"description":"","pbdlType":"global_text_style","textStyle":{"UUID":"","layoutMainAxisSizing":null,"layoutCrossAxisSizing":null,"name":"","isVisible":false,"boundaryRectangle":null,"style":null,"prototypeNodeUUID":"","child":null,"constraints":null,"fontFamily":"Satoshi Variable","fontPostScriptName":null,"paragraphSpacing":0,"paragraphIndent":0,"listSpacing":0,"italics":null,"fontWeight":500,"fontSize":14.0,"textCase":"ORIGINAL","textDecoration":"NONE","textAutoResize":"WIDTH_AND_HEIGHT","textAlignHorizontal":"LEFT","textAlignVertical":"TOP","letterSpacing":0.0,"fills":null,"hyperLink":null,"opentypeFlags":{},"lineHeightPx":22.0,"lineHeightPercent":134.09524536132812,"lineHeightPercentFontSize":157.14285278320312,"lineHeightUnit":"PIXELS","pbdlType":"text_style"}},{"UUID":"95:13561","layoutMainAxisSizing":null,"layoutCrossAxisSizing":null,"name":"bodyText1","isVisible":false,"boundaryRectangle":null,"style":null,"prototypeNodeUUID":null,"child":null,"constraints":null,"description":"","pbdlType":"global_text_style","textStyle":{"UUID":"","layoutMainAxisSizing":null,"layoutCrossAxisSizing":null,"name":"","isVisible":false,"boundaryRectangle":null,"style":null,"prototypeNodeUUID":"","child":null,"constraints":null,"fontFamily":"Satoshi Variable","fontPostScriptName":null,"paragraphSpacing":16.0,"paragraphIndent":0,"listSpacing":0,"italics":null,"fontWeight":400,"fontSize":16.0,"textCase":"ORIGINAL","textDecoration":"NONE","textAutoResize":"WIDTH_AND_HEIGHT","textAlignHorizontal":"LEFT","textAlignVertical":"TOP","letterSpacing":0.0,"fills":null,"hyperLink":null,"opentypeFlags":{},"lineHeightPx":24.0,"lineHeightPercent":128.0,"lineHeightPercentFontSize":150.0,"lineHeightUnit":"PIXELS","pbdlType":"text_style"}},{"UUID":"95:13562","layoutMainAxisSizing":null,"layoutCrossAxisSizing":null,"name":"bodyText2","isVisible":false,"boundaryRectangle":null,"style":null,"prototypeNodeUUID":null,"child":null,"constraints":null,"description":"","pbdlType":"global_text_style","textStyle":{"UUID":"","layoutMainAxisSizing":null,"layoutCrossAxisSizing":null,"name":"","isVisible":false,"boundaryRectangle":null,"style":null,"prototypeNodeUUID":"","child":null,"constraints":null,"fontFamily":"Satoshi Variable","fontPostScriptName":null,"paragraphSpacing":0,"paragraphIndent":0,"listSpacing":0,"italics":null,"fontWeight":400,"fontSize":14.0,"textCase":"ORIGINAL","textDecoration":"NONE","textAutoResize":"WIDTH_AND_HEIGHT","textAlignHorizontal":"LEFT","textAlignVertical":"TOP","letterSpacing":0.0,"fills":null,"hyperLink":null,"opentypeFlags":{},"lineHeightPx":22.0,"lineHeightPercent":134.09524536132812,"lineHeightPercentFontSize":157.14285278320312,"lineHeightUnit":"PIXELS","pbdlType":"text_style"}},{"UUID":"95:13563","layoutMainAxisSizing":null,"layoutCrossAxisSizing":null,"name":"caption","isVisible":false,"boundaryRectangle":null,"style":null,"prototypeNodeUUID":null,"child":null,"constraints":null,"description":"","pbdlType":"global_text_style","textStyle":{"UUID":"","layoutMainAxisSizing":null,"layoutCrossAxisSizing":null,"name":"","isVisible":false,"boundaryRectangle":null,"style":null,"prototypeNodeUUID":"","child":null,"constraints":null,"fontFamily":"Satoshi Variable","fontPostScriptName":null,"paragraphSpacing":0,"paragraphIndent":0,"listSpacing":0,"italics":null,"fontWeight":400,"fontSize":12.0,"textCase":"ORIGINAL","textDecoration":"NONE","textAutoResize":"WIDTH_AND_HEIGHT","textAlignHorizontal":"LEFT","textAlignVertical":"TOP","letterSpacing":0.0,"fills":null,"hyperLink":null,"opentypeFlags":{},"lineHeightPx":18.0,"lineHeightPercent":128.0,"lineHeightPercentFontSize":150.0,"lineHeightUnit":"PIXELS","pbdlType":"text_style"}},{"UUID":"95:13564","layoutMainAxisSizing":null,"layoutCrossAxisSizing":null,"name":"overline","isVisible":false,"boundaryRectangle":null,"style":null,"prototypeNodeUUID":null,"child":null,"constraints":null,"description":"","pbdlType":"global_text_style","textStyle":{"UUID":"","layoutMainAxisSizing":null,"layoutCrossAxisSizing":null,"name":"","isVisible":false,"boundaryRectangle":null,"style":null,"prototypeNodeUUID":"","child":null,"constraints":null,"fontFamily":"Satoshi Variable","fontPostScriptName":null,"paragraphSpacing":0,"paragraphIndent":0,"listSpacing":0,"italics":null,"fontWeight":700,"fontSize":12.0,"textCase":"UPPER","textDecoration":"NONE","textAutoResize":"WIDTH_AND_HEIGHT","textAlignHorizontal":"LEFT","textAlignVertical":"TOP","letterSpacing":0.0,"fills":null,"hyperLink":null,"opentypeFlags":{},"lineHeightPx":18.0,"lineHeightPercent":128.0,"lineHeightPercentFontSize":150.0,"lineHeightUnit":"PIXELS","pbdlType":"text_style"}},{"UUID":"95:13566","layoutMainAxisSizing":null,"layoutCrossAxisSizing":null,"name":"button","isVisible":false,"boundaryRectangle":null,"style":null,"prototypeNodeUUID":null,"child":null,"constraints":null,"description":"","pbdlType":"global_text_style","textStyle":{"UUID":"","layoutMainAxisSizing":null,"layoutCrossAxisSizing":null,"name":"","isVisible":false,"boundaryRectangle":null,"style":null,"prototypeNodeUUID":"","child":null,"constraints":null,"fontFamily":"Satoshi Variable","fontPostScriptName":null,"paragraphSpacing":0,"paragraphIndent":0,"listSpacing":0,"italics":null,"fontWeight":700,"fontSize":14.0,"textCase":"ORIGINAL","textDecoration":"NONE","textAutoResize":"WIDTH_AND_HEIGHT","textAlignHorizontal":"LEFT","textAlignVertical":"TOP","letterSpacing":0.0,"fills":null,"hyperLink":null,"opentypeFlags":{},"lineHeightPx":24.0,"lineHeightPercent":146.28570556640625,"lineHeightPercentFontSize":171.42857360839844,"lineHeightUnit":"PIXELS","pbdlType":"text_style"}}]},"pbdlType":"project"}